month,hour,temperature_c,humidity_pct,pressure_hpa,wind_speed_kmh,cloud_cover_pct,uv_index,weather_condition,next_temp_c
7,13,31.4,36.3,1016.3,21.7,19.3,9.2,Sunny,34.0
4,11,14.6,67.5,1017.1,1.8,42.3,5.5,Cloudy,12.8
11,19,2.8,72.0,999.8,26.7,100.0,0.2,Rainy,4.2
8,23,22.3,52.9,1013.5,26.8,41.8,0.3,Cloudy,25.4
5,3,7.9,69.3,1020.6,12.0,6.6,0.0,Sunny,9.4
7,20,29.1,28.1,999.2,29.2,32.3,0.7,Sunny,30.5
10,23,3.7,82.8,1026.3,45.5,9.1,0.0,Sunny,3.4
3,11,6.2,73.0,1008.5,22.5,53.0,5.0,Cloudy,7.1
7,9,21.7,50.9,1028.1,31.1,0.0,7.7,Sunny,24.4
11,21,1.4,70.7,1006.6,23.7,46.0,0.3,Cloudy,2.5
11,6,5.9,92.1,1000.7,23.6,60.1,0.5,Rainy,4.2
8,2,20.2,63.5,1007.5,29.0,58.4,0.7,Cloudy,19.9
5,22,19.9,64.8,1011.9,10.2,47.1,0.0,Cloudy,22.6
4,13,19.9,52.1,1008.3,1.9,48.0,6.6,Cloudy,21.0
8,23,15.5,44.5,1010.4,12.0,33.5,0.0,Sunny,16.2
8,9,24.4,68.0,1017.0,9.1,20.7,5.2,Sunny,23.9
3,15,7.7,72.9,1010.9,12.2,61.8,3.9,Rainy,10.3
6,15,35.2,24.6,1012.2,10.9,47.3,4.7,Cloudy,38.7
5,21,12.7,70.2,992.5,46.2,86.0,0.4,Rainy,15.4
2,9,5.0,89.2,1017.7,23.2,49.0,4.1,Cloudy,8.1
8,12,32.9,35.4,1011.9,15.4,5.0,9.3,Sunny,32.7
12,5,3.0,93.4,1032.3,35.2,22.7,0.3,Sunny,2.6
6,11,26.7,55.7,1001.7,17.1,62.7,4.3,Cloudy,26.9
2,8,2.7,70.1,991.3,20.6,97.8,0.7,Rainy,3.3
12,12,14.2,57.0,1020.4,21.8,32.7,7.2,Sunny,17.3
5,3,10.7,78.5,1017.2,23.3,60.7,0.2,Rainy,13.3
1,23,-12.4,76.4,1000.9,25.7,82.3,0.2,Snowy,-10.9
12,10,-4.6,90.5,994.6,29.7,98.5,1.3,Snowy,-6.7
10,19,16.4,46.1,1031.4,37.9,0.0,0.4,Sunny,13.9
6,17,20.8,49.0,1030.0,31.7,11.4,4.1,Sunny,21.8
12,10,1.4,79.9,983.2,61.3,88.0,1.9,Stormy,3.5
9,20,20.7,50.3,1007.5,28.5,43.7,0.0,Cloudy,21.1
1,3,-7.1,90.1,1033.0,43.6,38.0,0.5,Sunny,-3.1
11,17,10.9,57.6,1007.3,24.9,74.1,1.8,Cloudy,9.5
11,0,0.7,100.0,1007.1,8.7,59.2,0.1,Cloudy,-1.0
10,6,14.1,82.5,1009.6,21.4,70.1,0.5,Rainy,13.4
12,5,-8.2,85.6,999.5,31.2,100.0,0.0,Snowy,-8.9
12,14,3.2,96.1,992.5,41.4,100.0,0.9,Rainy,4.6
3,17,6.2,71.8,1025.6,31.1,43.8,3.0,Cloudy,5.9
12,23,-1.0,87.9,990.9,42.2,100.0,0.2,Snowy,-3.3
7,10,32.6,35.5,1016.0,37.2,39.8,5.4,Sunny,34.7
4,19,15.4,55.4,1023.6,24.2,6.5,0.7,Sunny,12.7
9,23,19.5,65.6,995.6,40.4,51.3,0.0,Cloudy,18.1
3,14,6.3,76.8,1001.9,21.5,70.3,4.4,Rainy,3.9
5,15,31.5,33.0,1027.6,35.8,0.0,8.6,Sunny,32.3
3,6,8.1,59.8,1019.4,27.2,50.7,0.2,Cloudy,8.9
7,20,28.9,32.7,1005.6,23.8,52.3,0.0,Cloudy,32.9
5,9,27.7,27.1,1027.4,42.7,0.0,7.3,Sunny,29.8
9,11,16.6,60.2,1027.5,22.3,14.9,7.7,Sunny,19.7
7,23,19.7,43.5,1016.2,12.0,24.6,0.0,Sunny,20.7
2,13,2.7,78.2,1002.2,26.7,71.8,3.9,Rainy,1.5
4,4,9.7,84.2,1008.0,25.0,68.3,0.2,Rainy,10.4
9,20,14.8,74.8,1016.4,17.6,55.6,0.3,Cloudy,16.4
12,17,7.1,74.0,1010.7,25.0,52.6,3.1,Cloudy,8.9
2,4,0.2,83.9,1024.3,20.2,56.0,0.4,Cloudy,-0.2
10,2,8.8,90.6,994.6,24.9,97.7,0.1,Rainy,10.2
9,22,17.1,64.5,995.1,36.0,62.9,0.2,Cloudy,16.0
10,4,2.9,77.4,1015.2,14.0,71.0,0.0,Rainy,1.5
5,23,11.4,53.7,1007.1,23.4,26.1,0.0,Sunny,9.9
2,16,10.1,73.8,1005.5,20.8,61.6,3.7,Rainy,10.6
4,18,18.1,66.1,991.8,34.7,92.6,1.0,Cloudy,16.5
12,18,2.7,74.6,1013.2,11.7,41.0,1.9,Cloudy,2.5
12,20,-1.8,90.6,1012.4,13.0,69.0,0.0,Snowy,0.3
7,11,22.1,48.2,1020.8,19.0,30.1,7.5,Sunny,20.8
12,8,-4.4,89.8,1013.8,11.4,48.7,2.2,Cloudy,-4.8
8,0,26.6,20.3,1011.4,10.7,15.5,0.5,Sunny,27.2
3,17,4.1,76.6,1027.1,35.8,30.1,3.4,Sunny,5.1
1,20,-1.2,96.6,997.3,32.5,82.9,0.8,Snowy,-1.6
4,3,10.2,63.3,1019.4,37.8,69.2,0.0,Cloudy,12.2
2,9,-3.6,90.9,992.9,37.4,82.3,3.0,Snowy,-2.0
8,6,21.9,44.6,1002.9,19.7,61.4,0.0,Cloudy,24.4
4,21,14.2,67.3,998.4,50.8,63.1,0.0,Cloudy,14.6
2,22,-3.1,87.4,1022.4,26.6,30.8,0.1,Sunny,-3.5
6,0,30.4,30.0,1012.2,20.9,23.7,0.0,Sunny,29.7
6,16,22.6,64.4,1012.8,16.9,55.0,3.6,Cloudy,23.7
10,23,12.0,76.3,999.7,32.9,87.1,0.0,Rainy,11.8
4,1,5.5,70.7,1009.4,20.6,78.3,0.0,Rainy,5.0
6,10,30.2,44.7,1003.8,14.2,89.2,2.4,Cloudy,29.9
2,8,1.6,87.9,1017.6,20.5,58.4,1.9,Cloudy,0.9
10,6,6.1,82.3,1001.1,15.7,65.5,0.0,Rainy,6.9
12,21,-0.8,69.2,1029.0,29.8,31.3,0.0,Sunny,-2.8
2,16,-2.4,98.6,992.9,30.3,95.2,1.1,Snowy,-1.3
10,16,19.6,49.9,1003.3,26.5,63.3,3.8,Cloudy,21.3
4,1,7.4,70.3,1033.1,38.8,0.0,0.0,Sunny,6.9
8,5,22.4,77.7,1007.8,22.1,97.8,0.0,Rainy,26.4
7,13,36.0,34.0,997.2,33.2,60.3,5.0,Cloudy,36.6
12,5,-2.9,85.5,1015.6,10.3,30.6,0.0,Sunny,-5.2
9,1,13.8,42.3,1007.3,16.8,27.5,1.1,Sunny,13.8
8,0,15.4,75.8,1003.0,31.4,80.3,0.0,Rainy,16.0
5,9,17.7,45.0,999.8,36.3,68.9,3.0,Cloudy,19.0
2,20,4.6,68.0,1046.2,42.7,0.0,0.5,Sunny,4.7
5,4,19.5,52.4,1010.0,3.4,51.9,0.5,Cloudy,18.2
8,1,17.4,73.1,989.9,33.9,56.6,0.1,Cloudy,15.9
10,21,10.6,76.8,1030.9,41.9,25.5,0.0,Sunny,10.0
9,15,21.2,51.7,1020.3,30.5,41.8,6.4,Cloudy,20.7
12,1,-1.2,89.9,1003.8,15.6,68.5,0.0,Snowy,-2.8
12,9,4.1,72.9,1001.8,27.9,45.2,3.9,Cloudy,3.3
12,1,1.8,83.6,1021.1,36.4,48.6,0.0,Cloudy,3.5
9,15,21.3,53.8,1010.0,18.9,33.0,5.1,Sunny,24.7
1,15,2.3,91.3,989.9,51.1,100.0,1.8,Stormy,4.1
9,18,22.9,60.3,1034.4,45.7,0.0,1.2,Sunny,25.8
7,6,25.6,51.6,1007.8,11.0,32.3,0.0,Sunny,27.8
9,21,16.6,56.5,1030.9,32.0,0.0,0.0,Sunny,18.6
8,11,24.9,55.1,1028.3,30.7,18.1,9.1,Sunny,24.8
1,23,-2.7,88.2,1001.0,27.2,77.3,0.0,Snowy,-2.0
12,14,8.8,61.0,1025.4,34.2,6.3,8.4,Sunny,8.5
8,7,18.9,52.6,1005.2,24.7,51.5,1.3,Cloudy,19.0
8,5,25.3,47.9,990.6,15.4,82.5,0.0,Cloudy,25.9
11,9,11.2,77.3,1007.9,7.6,58.5,3.1,Cloudy,13.0
3,2,-0.5,83.9,1017.8,0.2,55.6,0.0,Cloudy,0.8
1,18,1.3,70.9,1007.4,20.1,62.1,0.5,Snowy,1.5
8,16,31.5,38.3,1009.3,18.3,14.2,6.0,Sunny,32.1
3,6,-1.4,88.3,1026.7,30.7,72.1,0.0,Snowy,-0.2
3,20,5.1,79.2,1014.3,5.9,46.4,0.0,Cloudy,6.8
1,19,-9.1,100.0,1002.9,29.5,95.0,0.0,Snowy,-11.3
11,3,2.7,91.1,1021.4,27.8,62.7,0.5,Rainy,1.3
5,13,18.5,51.2,1015.4,4.8,30.2,8.3,Sunny,21.0
10,19,19.6,49.5,982.7,36.6,89.1,0.0,Cloudy,20.0
7,21,23.1,39.9,1018.1,18.2,23.9,0.7,Sunny,22.9
10,14,17.2,66.3,1017.7,32.0,18.1,7.8,Sunny,17.2
9,23,12.2,81.1,1013.2,25.9,51.4,0.0,Cloudy,12.3
12,7,-2.8,86.1,1023.7,29.3,35.0,2.6,Sunny,-1.3
7,20,31.7,35.1,1004.9,15.8,29.7,0.3,Sunny,30.2
9,14,15.0,77.1,1017.0,23.9,28.3,7.1,Sunny,15.6
8,21,27.7,48.5,994.2,30.9,79.1,0.3,Cloudy,28.6
12,19,2.8,85.2,1017.9,11.7,76.3,0.1,Rainy,4.0
2,13,0.8,71.8,1036.4,23.0,29.8,7.4,Sunny,1.7
1,8,-6.3,100.0,1001.1,27.1,100.0,0.1,Snowy,-4.9
7,7,31.2,29.0,1003.9,17.9,28.8,1.7,Sunny,30.6
7,16,27.4,32.5,1004.5,23.0,26.0,5.5,Sunny,26.2
8,1,13.7,61.0,1014.6,0.0,28.7,0.0,Sunny,18.6
5,23,19.3,50.2,1000.2,28.7,63.9,0.5,Cloudy,19.3
3,2,0.4,82.3,1018.1,0.0,53.4,0.2,Cloudy,0.5
12,7,-5.4,78.7,1023.2,32.9,38.7,1.2,Sunny,-3.7
8,11,29.2,50.7,1019.4,23.9,45.3,5.2,Cloudy,32.6
6,0,14.8,74.0,991.8,35.2,89.7,0.0,Rainy,14.3
11,9,11.0,49.1,1024.9,30.8,3.9,6.2,Sunny,9.7
3,19,10.8,78.6,1024.2,17.7,27.9,0.2,Sunny,9.1
1,2,-5.9,85.7,1023.0,24.5,55.3,0.0,Cloudy,-2.5
3,5,2.2,90.3,1017.5,23.7,72.1,0.0,Rainy,0.8
5,6,23.0,49.7,1015.6,0.0,39.1,0.5,Sunny,23.5
3,19,6.6,75.5,1025.4,23.3,62.7,0.1,Rainy,5.3
1,22,-9.7,97.7,1036.1,39.5,58.3,0.0,Cloudy,-11.8
5,17,25.0,59.6,1001.6,24.2,65.5,2.1,Cloudy,25.0
10,10,23.3,37.6,1025.9,39.2,0.0,8.9,Sunny,22.2
7,18,24.9,53.7,1012.0,4.3,19.5,2.2,Sunny,24.2
7,4,19.4,67.0,1011.4,8.9,43.4,0.3,Cloudy,23.5
11,18,9.7,77.7,994.6,18.8,93.3,0.2,Rainy,10.9
9,10,21.8,75.6,1009.6,28.2,85.4,2.9,Rainy,24.0
10,23,3.8,74.0,1001.0,24.4,76.0,1.2,Rainy,5.8
10,11,20.7,63.5,1007.4,15.2,70.3,3.5,Cloudy,21.0
12,9,10.7,67.9,999.8,27.4,63.6,2.5,Cloudy,10.4
3,7,4.2,91.0,1007.6,23.6,81.1,0.9,Rainy,5.2
7,23,18.1,57.7,1008.1,20.6,60.1,0.4,Cloudy,18.9
1,8,-8.2,93.4,1014.2,34.6,34.0,3.3,Sunny,-8.7
4,3,7.2,87.2,993.6,38.9,83.9,0.0,Rainy,8.0
4,4,11.2,63.3,995.7,29.1,84.5,0.0,Cloudy,10.4
5,20,20.9,39.5,1017.3,12.7,25.3,0.3,Sunny,21.1
7,7,24.4,43.2,1003.4,20.3,26.6,1.7,Sunny,24.3
7,22,20.6,60.2,1025.9,15.5,0.0,0.3,Sunny,18.9
11,8,0.6,98.0,1015.7,15.6,59.0,2.9,Cloudy,-3.1
4,14,21.3,54.1,1020.3,27.0,25.9,7.5,Sunny,20.1
7,14,35.7,44.7,1029.9,27.4,0.0,9.3,Sunny,39.4
11,15,4.6,64.5,1009.3,10.0,52.9,5.0,Cloudy,4.6
3,13,17.2,54.8,1006.1,32.4,56.3,4.8,Cloudy,19.1
6,7,24.9,44.8,1023.5,13.1,25.7,1.4,Sunny,21.5
12,17,9.7,69.3,1019.1,2.8,4.0,4.4,Sunny,8.4
2,9,-3.9,91.8,1010.8,5.5,47.9,3.7,Cloudy,-5.9
10,19,8.1,79.8,1029.7,19.7,26.2,0.0,Sunny,8.2
9,5,14.2,59.3,1010.5,18.1,53.9,0.9,Cloudy,19.0
5,11,25.3,48.5,1013.4,9.6,40.7,7.3,Cloudy,26.6
6,1,25.5,46.3,1013.3,10.5,39.1,0.0,Sunny,29.1
12,6,-0.3,76.2,1001.8,34.7,64.4,0.0,Snowy,-0.3
12,15,4.7,76.8,1013.9,7.6,47.5,4.9,Cloudy,7.7
12,2,-10.2,98.9,1029.8,38.3,33.2,0.6,Sunny,-6.0
12,12,10.0,68.4,1018.3,30.5,51.4,6.3,Cloudy,10.3
4,2,2.1,82.1,1013.4,8.8,43.1,0.0,Cloudy,1.7
11,17,15.8,62.1,1011.1,20.2,59.1,2.6,Cloudy,13.9
10,10,13.9,59.9,1017.0,14.8,39.1,4.9,Sunny,13.8
7,7,30.8,51.5,1022.0,30.2,21.9,2.8,Sunny,31.5
12,5,-1.7,75.8,1020.3,8.2,32.2,0.2,Sunny,2.5
9,0,13.3,57.9,1009.0,3.6,26.2,0.0,Sunny,11.4
7,0,18.7,84.7,1016.9,13.5,43.7,0.0,Cloudy,19.3
1,22,-6.4,84.2,1018.8,11.8,45.3,0.0,Cloudy,-9.1
1,7,-1.8,74.2,1000.9,22.4,34.5,2.0,Sunny,-2.1
9,4,14.1,71.2,1015.0,12.7,43.8,0.5,Cloudy,15.2
11,15,8.4,51.6,987.1,48.9,88.9,1.6,Cloudy,9.8
9,10,21.3,50.6,1018.8,15.7,35.3,6.7,Sunny,22.9
4,4,7.1,95.8,1020.9,14.9,47.7,0.8,Cloudy,8.3
9,3,4.7,62.5,1022.0,20.0,31.0,0.0,Sunny,6.2
3,5,2.6,61.3,1008.3,11.5,41.7,0.0,Cloudy,3.2
7,13,27.9,28.2,1016.7,9.0,16.4,9.4,Sunny,26.5
6,21,18.0,67.0,1030.1,19.6,44.4,0.6,Cloudy,15.1
8,18,20.4,65.7,1030.0,32.9,35.1,1.5,Sunny,19.9
11,8,-2.2,83.1,1012.6,7.9,66.5,2.5,Snowy,-1.9
9,11,17.8,65.1,1014.7,21.7,35.7,8.1,Sunny,20.6
5,10,19.2,70.2,1026.3,16.4,40.4,5.5,Cloudy,19.5
1,13,11.6,85.5,995.0,29.3,61.5,4.5,Rainy,11.8
3,22,-0.1,82.7,1009.1,31.2,59.9,0.1,Cloudy,1.1
10,15,18.5,34.2,1029.0,23.7,8.7,7.8,Sunny,18.5
12,0,-3.7,82.4,1024.7,24.2,51.2,0.0,Cloudy,-1.8
8,12,29.8,36.0,1017.4,7.6,28.6,7.8,Sunny,33.9
11,22,1.7,79.9,994.9,22.9,87.4,0.0,Snowy,6.1
6,20,19.3,54.1,1012.4,25.1,35.8,0.0,Sunny,20.0
8,20,29.9,51.3,1005.9,21.9,54.6,0.4,Cloudy,31.0
9,12,31.4,50.6,1017.0,17.8,15.2,7.8,Sunny,34.8
4,1,-0.5,84.1,1003.3,10.1,60.7,0.5,Snowy,-0.3
1,3,-11.9,100.0,1000.7,29.6,89.4,0.0,Snowy,-10.2
1,5,-7.4,99.6,988.2,51.0,100.0,0.0,Stormy,-8.9
10,22,5.1,77.9,1027.7,38.8,5.2,0.0,Sunny,5.1
4,4,8.8,80.8,1008.2,23.1,70.6,0.1,Rainy,11.4
12,2,-9.0,99.3,1014.9,5.2,78.3,0.7,Snowy,-9.8
7,0,29.5,61.4,1013.0,14.5,41.8,0.0,Cloudy,29.7
2,3,-1.2,72.4,1000.2,32.7,100.0,0.0,Snowy,-3.5
3,19,7.4,68.7,997.9,15.8,60.5,0.3,Cloudy,11.5
1,1,-3.7,89.3,1000.9,17.5,75.2,0.0,Snowy,-0.9
5,4,18.2,62.1,1004.3,29.5,50.5,0.1,Cloudy,19.1
1,2,-10.3,100.0,1017.4,24.3,62.3,0.0,Snowy,-8.8
8,8,20.9,53.5,1003.5,11.1,46.8,2.9,Cloudy,22.1
1,19,-0.1,71.0,1034.0,43.5,0.0,0.0,Sunny,2.9
11,5,4.2,87.1,1025.3,27.6,34.3,0.0,Sunny,3.8
1,17,2.8,88.4,1022.7,29.9,45.8,3.0,Cloudy,4.6
2,5,-10.7,81.6,1011.6,8.6,77.7,0.1,Snowy,-8.2
2,18,-0.3,85.5,1031.2,39.0,65.6,1.7,Snowy,2.4
12,11,3.8,63.4,1010.4,21.9,68.3,3.2,Cloudy,0.3
6,10,26.8,38.1,1012.6,9.6,15.6,7.1,Sunny,26.2
7,1,28.1,33.8,1015.0,14.6,10.2,0.0,Sunny,26.8
5,14,19.5,63.9,1021.4,16.9,29.7,7.5,Sunny,20.2
1,11,4.3,79.8,1020.6,34.4,71.1,4.2,Rainy,1.1
1,11,8.2,59.8,1007.3,17.9,48.0,5.9,Cloudy,5.0
3,8,14.1,72.7,1006.6,12.3,40.6,2.7,Cloudy,18.5
2,20,-1.7,73.3,1020.7,15.5,32.3,0.4,Sunny,-0.1
5,23,16.7,63.2,1021.6,23.3,42.7,0.0,Cloudy,17.4
12,1,-3.6,82.3,1008.3,23.7,75.1,0.0,Snowy,-2.5
10,21,11.2,64.5,994.0,24.2,70.7,0.0,Cloudy,12.0
6,2,17.7,63.4,1010.5,29.8,58.4,0.0,Cloudy,20.0
7,11,32.0,42.2,1020.5,23.4,0.0,9.7,Sunny,31.3
4,15,7.7,86.9,1034.7,41.7,29.9,4.7,Sunny,8.5
7,20,28.7,41.1,998.6,28.5,63.2,0.7,Cloudy,29.6
11,23,1.3,86.2,1007.9,18.3,55.5,0.1,Cloudy,-0.1
8,0,18.0,53.6,1008.3,16.4,32.0,0.0,Sunny,20.8
11,20,13.2,67.0,1029.3,39.7,0.0,0.1,Sunny,12.9
1,2,-10.7,100.0,1012.6,12.4,94.5,0.5,Snowy,-8.4
6,19,24.1,47.9,1002.1,31.2,39.1,0.3,Sunny,24.8
8,1,26.3,27.5,1019.7,16.6,12.8,0.5,Sunny,29.7
5,8,15.7,64.8,1008.1,19.4,61.7,1.6,Cloudy,14.3
4,18,12.8,69.4,998.3,23.2,93.3,0.3,Cloudy,11.3
2,14,5.3,70.3,1002.3,34.6,62.9,4.0,Rainy,4.2
6,17,31.7,24.6,1033.8,30.3,0.0,5.5,Sunny,32.5
6,10,28.0,57.8,1017.6,14.9,36.2,6.1,Sunny,31.2
11,22,-3.2,94.7,1014.3,11.0,83.6,1.4,Snowy,0.2
1,15,1.7,80.2,1010.0,12.8,58.1,4.0,Cloudy,-2.0
9,21,15.0,51.1,1016.5,22.0,16.2,0.0,Sunny,16.0
12,16,4.8,69.6,1016.4,13.5,20.6,5.4,Sunny,-0.5
11,4,1.5,95.8,1016.5,27.4,43.5,0.7,Cloudy,3.4
6,11,30.0,41.3,1014.4,7.1,39.8,6.1,Sunny,32.6
3,10,0.9,78.2,1023.4,25.9,34.3,5.9,Sunny,1.3
4,14,22.3,56.7,1013.3,6.1,30.2,7.0,Sunny,22.9
12,2,-5.1,84.5,1001.3,29.5,66.0,0.0,Snowy,-4.5
11,0,5.3,92.0,1005.7,20.7,76.7,0.0,Rainy,4.4
4,19,15.3,75.5,989.3,39.3,84.9,0.0,Rainy,16.6
3,15,15.2,57.5,1037.3,50.7,0.0,8.1,Sunny,15.3
10,1,8.1,66.6,1023.4,19.2,51.3,0.0,Cloudy,10.2
3,1,4.6,51.9,1003.0,28.6,74.4,0.5,Cloudy,4.9
3,2,1.1,68.6,1009.6,9.9,28.9,0.9,Sunny,0.0
4,7,10.1,56.5,1005.4,22.1,55.9,0.9,Cloudy,7.8
7,23,30.8,40.1,1031.5,24.6,0.0,0.0,Sunny,28.0
4,14,21.6,49.4,996.0,27.1,56.4,4.5,Cloudy,24.4
9,6,18.3,44.1,1014.4,13.0,33.5,0.1,Sunny,18.0
1,5,-11.3,99.2,1011.7,28.1,68.2,0.0,Snowy,-10.2
8,8,19.0,61.6,1022.9,24.7,31.7,3.5,Sunny,22.7
7,19,28.7,47.2,1011.8,26.7,45.0,0.6,Cloudy,28.2
2,0,-4.7,73.1,991.9,39.1,87.2,0.0,Snowy,-5.4
8,7,20.1,53.5,1010.0,12.5,32.3,2.0,Sunny,20.4
1,22,-4.4,77.8,1001.3,38.3,62.5,0.0,Snowy,-3.9
11,22,8.4,81.5,1014.0,16.6,34.0,0.2,Sunny,12.3
12,2,-3.3,97.9,1030.2,27.5,29.9,0.0,Sunny,-0.0
9,3,8.6,63.1,992.1,40.8,100.0,0.6,Cloudy,10.3
9,14,24.6,40.5,1003.4,21.2,30.9,7.4,Sunny,27.7
2,5,-7.6,91.8,1006.4,4.0,56.3,0.3,Cloudy,-7.4
7,14,30.4,16.8,1008.4,25.0,23.4,7.9,Sunny,31.5
10,20,10.3,72.8,1021.9,31.4,36.0,0.0,Sunny,10.3
3,2,-2.9,86.6,1010.9,29.2,60.8,0.0,Snowy,-4.7
7,20,21.0,63.2,1018.0,21.4,57.9,0.4,Cloudy,23.6
12,20,-0.6,75.0,1005.5,19.0,72.0,0.0,Snowy,0.8
10,13,15.6,55.5,1015.8,22.0,26.7,8.4,Sunny,16.1
9,19,8.8,56.7,1022.3,30.0,19.3,0.0,Sunny,9.3
4,13,26.0,35.9,1004.2,35.7,30.8,7.6,Sunny,23.8
12,3,-1.6,75.5,1022.4,22.9,51.9,1.0,Cloudy,-2.8
1,11,0.7,93.9,1013.6,11.4,60.1,4.3,Snowy,1.8
2,16,5.1,70.3,1025.5,21.3,3.5,6.5,Sunny,4.7
1,6,-9.7,100.0,1010.6,19.2,72.9,0.5,Snowy,-9.6
12,8,6.7,71.2,1017.6,5.1,19.9,4.4,Sunny,7.0
5,2,20.6,41.4,1012.5,18.8,62.5,0.0,Cloudy,19.9
5,12,24.8,46.1,1011.8,18.1,19.5,8.1,Sunny,23.6
11,14,15.1,68.3,1016.1,20.4,40.8,6.1,Cloudy,12.7
7,17,30.9,26.5,1019.4,20.8,12.8,4.9,Sunny,31.2
9,18,16.7,68.1,998.0,42.3,65.8,0.9,Cloudy,18.3
9,0,12.2,58.3,1030.2,39.6,10.6,0.0,Sunny,9.7
3,5,1.3,78.2,990.7,33.9,94.6,0.0,Snowy,1.7
3,22,0.2,90.0,1004.8,17.1,98.2,0.4,Snowy,1.2
3,1,-1.7,80.9,1011.9,6.3,69.8,0.1,Snowy,-3.0
4,23,7.4,74.3,1017.9,22.3,66.8,0.0,Rainy,10.5
8,13,29.6,37.5,1031.9,26.7,0.0,9.4,Sunny,29.4
6,5,20.1,56.2,990.7,47.4,77.5,0.0,Cloudy,20.4
8,13,25.7,22.7,1006.9,29.9,27.3,7.2,Sunny,25.9
1,3,-10.7,82.7,987.5,35.6,100.0,0.4,Snowy,-13.4
8,20,19.0,62.7,1013.4,11.0,64.0,0.7,Cloudy,21.3
4,7,14.4,73.8,1016.3,16.0,43.5,1.9,Cloudy,13.1
11,2,-9.4,90.0,1032.1,42.0,28.3,0.3,Sunny,-9.3
1,18,5.6,74.1,1014.4,26.6,57.7,1.2,Cloudy,7.2
8,13,35.5,34.7,1025.5,13.6,0.0,10.3,Sunny,38.6
4,19,12.3,73.4,1020.0,17.9,37.3,0.1,Sunny,10.9
6,16,18.9,36.4,1007.8,16.1,31.3,5.8,Sunny,18.6
8,7,21.1,44.5,996.1,21.1,42.7,1.5,Cloudy,24.1
4,23,7.5,70.4,1016.3,12.1,60.2,0.7,Rainy,8.8
3,13,6.8,81.9,995.1,36.9,68.3,4.7,Rainy,8.5
9,5,12.7,90.9,1028.5,28.4,38.3,0.4,Sunny,11.3
3,22,8.1,70.5,1011.1,2.0,56.7,0.0,Cloudy,7.9
9,21,20.1,40.8,1027.3,52.2,27.3,0.5,Sunny,20.3
2,15,2.0,86.1,1007.2,21.0,68.7,3.5,Snowy,0.9
2,18,-3.5,100.0,1016.2,16.8,79.2,0.6,Snowy,-6.0
2,13,4.4,79.5,1015.5,6.2,62.4,4.0,Rainy,3.9
6,18,26.3,36.5,1012.5,14.7,28.2,1.8,Sunny,29.2
3,2,1.0,93.1,1007.8,16.9,56.6,0.0,Cloudy,1.6
9,9,18.4,64.0,1017.7,2.5,16.2,5.1,Sunny,21.4
4,18,17.0,49.2,1001.9,16.8,52.7,0.6,Cloudy,17.9
1,8,5.7,80.2,998.5,35.8,69.8,2.2,Rainy,4.9
4,19,16.8,69.8,1027.9,45.4,40.2,0.4,Cloudy,19.6
1,12,3.0,92.3,1021.7,25.4,62.7,4.8,Rainy,3.9
5,6,15.3,61.4,1013.8,21.8,39.0,0.6,Sunny,17.5
4,13,16.4,56.9,1033.0,34.7,0.0,9.9,Sunny,14.9
8,8,28.8,54.0,1009.8,15.2,50.3,2.7,Cloudy,31.2
8,22,18.6,45.0,1028.9,39.8,0.0,0.0,Sunny,21.0
7,18,29.2,45.6,1015.1,27.8,17.4,1.3,Sunny,30.2
3,14,11.2,54.5,1000.7,37.2,41.9,7.0,Cloudy,10.3
1,19,-2.5,99.3,1035.2,30.1,34.2,0.6,Sunny,-2.0
1,13,-1.7,85.0,1024.9,25.7,59.2,4.3,Cloudy,-0.1
12,23,-3.1,100.0,1011.5,16.0,72.1,0.1,Snowy,-2.2
11,5,0.5,89.1,1021.7,20.4,42.7,0.0,Cloudy,2.1
3,20,7.0,62.3,1008.2,20.9,28.0,0.0,Sunny,9.3
6,3,16.2,75.0,1022.9,30.5,45.8,0.0,Cloudy,15.5
7,7,29.3,56.5,984.3,54.5,70.9,1.2,Cloudy,27.8
6,16,25.8,55.1,1000.8,40.2,58.7,3.8,Cloudy,26.2
6,8,31.0,30.9,1024.8,23.5,0.0,4.8,Sunny,30.9
6,0,11.9,64.0,1010.0,4.7,61.9,0.0,Cloudy,13.9
3,23,2.5,82.7,1015.5,17.9,51.8,0.0,Cloudy,1.1
6,19,27.6,36.6,996.8,46.5,49.0,0.5,Cloudy,29.9
8,13,26.7,61.8,1035.2,34.8,17.3,8.7,Sunny,29.7
11,10,9.7,71.9,1027.3,34.6,60.5,4.1,Rainy,10.2
11,20,10.1,42.8,1010.6,20.5,46.9,0.0,Cloudy,10.7
2,2,-15.0,100.0,1008.1,19.4,76.0,0.2,Snowy,-15.9
5,8,21.0,50.0,1025.4,26.9,16.5,3.8,Sunny,20.5
1,13,-6.2,93.5,1036.8,33.2,21.9,8.5,Sunny,-6.4
12,8,-4.0,87.3,1024.4,7.5,29.7,3.0,Sunny,-0.9
1,3,-1.3,95.0,1039.1,34.4,19.1,0.0,Sunny,-0.9
5,3,10.9,79.9,1001.9,22.2,60.9,0.3,Rainy,9.0
12,7,-6.4,97.4,1003.2,32.6,92.7,0.0,Snowy,-5.4
3,1,-1.6,84.0,998.7,28.3,64.1,0.0,Snowy,0.4
4,8,20.3,54.2,1018.3,14.2,50.0,2.7,Cloudy,20.7
3,13,3.5,80.0,1015.1,7.4,64.1,3.8,Rainy,6.6
1,21,-7.8,88.6,1011.2,19.4,65.1,0.0,Snowy,-5.9
1,8,4.0,84.8,1022.7,34.5,44.8,3.3,Cloudy,2.6
12,23,3.1,85.0,1027.8,38.3,29.0,0.0,Sunny,2.6
12,22,-3.5,100.0,994.7,38.8,100.0,0.6,Snowy,-2.6
5,15,19.8,67.8,1005.8,8.8,74.5,2.5,Cloudy,17.3
6,16,37.7,21.6,1022.8,21.0,0.0,6.6,Sunny,38.8
3,15,17.2,67.4,1007.4,34.3,32.6,6.2,Sunny,14.5
12,11,6.8,65.2,1003.4,32.5,70.6,3.3,Cloudy,9.2
9,2,9.8,77.3,1025.2,14.4,40.7,0.5,Cloudy,11.9
5,10,21.8,47.1,997.5,30.1,39.4,5.8,Sunny,23.2
8,13,29.3,30.8,1009.4,19.2,16.0,7.8,Sunny,28.6
1,17,3.6,82.5,1016.9,10.6,38.9,3.1,Sunny,4.4
5,20,24.8,21.0,1006.1,1.8,14.2,0.2,Sunny,24.4
3,20,8.5,54.7,1022.4,24.1,19.3,0.0,Sunny,7.2
12,4,-9.6,97.7,1006.2,13.9,74.6,0.0,Snowy,-9.7
1,15,9.3,71.9,1029.9,26.0,15.2,7.3,Sunny,11.1
4,19,14.8,59.1,1011.5,11.0,32.3,1.1,Sunny,15.4
5,4,16.6,44.4,1021.1,20.6,15.5,0.0,Sunny,19.7
7,2,25.9,38.0,1022.0,22.7,15.7,0.8,Sunny,27.7
1,11,-2.2,92.2,1005.5,14.0,71.1,3.4,Snowy,-0.5
3,0,-0.3,91.3,988.4,39.8,100.0,0.1,Snowy,-2.7
2,20,-2.3,88.2,1017.3,3.1,62.9,0.4,Snowy,-2.3
9,8,12.7,77.5,1013.9,15.5,29.1,3.5,Sunny,11.3
10,8,13.4,68.9,1019.7,0.0,46.1,2.7,Cloudy,13.6
6,3,28.4,35.0,1010.3,12.9,37.6,0.4,Sunny,27.6
10,2,-1.4,84.2,1007.8,25.6,60.2,0.9,Snowy,-1.5
3,16,10.1,55.9,1037.1,32.4,0.0,6.8,Sunny,12.5
8,1,20.9,52.6,995.3,38.9,63.4,0.0,Cloudy,22.2
8,23,20.4,65.6,1021.8,31.8,32.6,0.0,Sunny,22.7
2,0,-5.8,100.0,1006.1,0.0,63.5,1.3,Snowy,-8.2
6,7,17.4,73.0,1009.0,15.6,35.3,1.8,Sunny,18.0
7,12,32.1,33.8,1009.2,0.0,28.0,7.3,Sunny,34.4
2,22,-6.2,100.0,1003.4,22.6,81.0,0.0,Snowy,-2.9
11,14,2.2,79.7,1019.9,20.2,39.3,5.4,Sunny,-0.0
10,7,15.2,76.9,1029.7,12.2,27.5,2.0,Sunny,15.1
2,11,8.0,72.9,1018.6,34.2,26.0,7.7,Sunny,10.3
10,21,10.7,76.1,1014.2,15.8,44.9,0.0,Cloudy,10.8
1,11,3.2,95.0,1001.2,19.4,92.3,2.2,Rainy,2.0
8,13,34.2,31.7,1019.2,31.2,7.7,8.7,Sunny,31.9
1,14,4.9,79.8,1038.9,28.7,0.0,9.4,Sunny,3.7
9,14,28.6,55.0,1008.4,7.6,38.2,6.6,Sunny,26.1
11,8,3.8,78.0,1008.5,0.0,45.3,2.6,Cloudy,4.4
6,18,32.4,23.2,1006.3,34.5,30.4,2.6,Sunny,34.5
7,19,28.8,63.2,1007.1,21.7,57.8,0.0,Cloudy,27.1
10,21,11.2,63.5,980.1,56.8,69.0,0.1,Cloudy,12.2
7,7,19.4,57.5,1017.9,20.2,44.4,1.9,Cloudy,21.4
10,20,13.1,76.8,1002.9,28.8,52.3,0.0,Cloudy,13.6
3,18,4.7,71.9,993.7,35.8,100.0,0.3,Rainy,2.3
2,5,-6.9,85.3,1022.0,25.0,45.4,0.0,Cloudy,-5.7
9,19,17.3,61.6,1000.0,28.4,43.9,0.7,Cloudy,17.7
8,18,22.9,32.8,1008.9,12.0,11.9,2.1,Sunny,23.1
12,3,2.6,78.3,1030.6,32.7,33.6,0.3,Sunny,2.1
10,22,14.3,66.0,996.1,34.5,65.7,0.3,Cloudy,15.0
7,6,30.7,36.3,994.6,35.0,51.5,0.0,Cloudy,32.1
9,3,8.3,57.1,1016.2,4.1,59.3,0.0,Cloudy,13.1
4,21,10.7,84.8,1026.8,17.8,28.2,0.7,Sunny,11.4
4,11,11.1,69.4,994.1,43.3,77.8,2.7,Cloudy,14.3
1,12,0.4,98.7,1017.9,15.4,83.0,4.1,Snowy,1.6
8,2,14.5,60.7,1020.0,25.0,36.1,0.0,Sunny,14.8
12,21,3.3,71.3,988.3,32.9,62.9,0.0,Rainy,4.0
3,11,7.7,76.2,1022.6,11.7,46.6,5.8,Cloudy,6.0
7,1,24.5,46.1,1023.5,17.9,0.0,1.1,Sunny,25.5
12,23,-2.0,76.1,1009.3,14.7,80.0,0.0,Snowy,-5.0
2,1,3.3,94.8,1028.0,24.7,31.4,0.0,Sunny,2.2
2,22,-9.0,92.3,1026.6,38.7,88.7,0.2,Snowy,-8.3
7,8,31.0,20.0,1014.2,14.9,34.2,3.3,Sunny,33.7
6,0,23.5,63.0,1007.6,33.3,40.3,0.2,Cloudy,26.6
3,7,-0.4,80.6,1001.3,29.2,74.2,0.6,Snowy,-0.4
9,22,20.0,48.9,1012.5,0.0,46.2,0.0,Cloudy,20.8
10,5,9.1,53.7,1019.8,28.7,39.1,0.0,Sunny,11.4
6,5,19.0,74.0,1009.1,4.6,64.2,0.0,Rainy,17.1
10,21,7.2,61.4,986.6,45.5,100.0,0.0,Cloudy,8.4
10,17,13.4,65.5,1028.2,24.1,21.2,3.6,Sunny,12.4
6,16,37.5,37.8,1015.3,31.9,17.6,5.4,Sunny,37.7
1,11,2.2,85.8,1008.4,29.0,61.7,4.7,Rainy,1.9
4,5,10.9,68.1,1023.3,18.4,45.1,0.0,Cloudy,12.2
10,7,7.3,57.1,1031.3,32.9,18.0,1.9,Sunny,8.8
6,18,24.0,40.9,979.4,54.3,83.4,1.9,Cloudy,26.1
6,9,30.0,41.9,1018.2,25.2,33.4,4.2,Sunny,31.1
11,0,-5.6,85.5,995.9,32.8,54.8,0.6,Cloudy,-4.8
12,12,3.4,81.9,1019.0,11.0,53.0,5.6,Cloudy,7.2
5,16,24.3,55.3,1014.5,8.1,39.7,4.1,Sunny,22.1
1,2,-7.6,100.0,1020.6,21.1,83.6,0.0,Snowy,-4.0
8,7,21.9,40.0,1007.0,29.1,14.0,2.2,Sunny,21.8
5,13,26.4,67.4,990.5,42.4,100.0,2.4,Cloudy,27.9
12,2,-3.4,97.7,1007.6,12.3,77.6,0.0,Snowy,-3.4
12,15,8.6,72.1,1017.9,23.0,50.5,4.7,Cloudy,7.8
12,12,1.1,94.2,1025.2,23.5,72.8,4.4,Snowy,2.5
5,19,19.4,79.5,998.9,36.0,85.2,0.2,Rainy,21.8
7,23,26.5,30.8,1025.3,47.0,9.1,0.0,Sunny,27.9
4,16,20.8,51.6,1005.2,18.5,51.4,3.8,Cloudy,20.3
6,12,23.8,25.5,1017.3,23.6,4.1,10.3,Sunny,30.8
4,5,9.2,73.2,1006.9,13.4,60.0,0.0,Cloudy,11.8
3,16,2.3,85.2,1015.2,13.7,45.6,2.7,Cloudy,4.5
7,13,32.0,36.6,1023.7,25.1,8.9,9.4,Sunny,31.8
8,16,36.9,23.1,998.3,28.1,3.2,6.4,Sunny,36.3
4,7,6.7,54.5,1004.8,41.5,56.8,0.3,Cloudy,6.7
2,10,-0.5,89.4,1015.2,12.2,57.4,3.5,Cloudy,2.0
12,19,4.5,92.8,1041.8,51.3,16.7,0.5,Sunny,3.2
10,0,0.6,78.1,1002.6,9.0,73.5,0.0,Snowy,-0.8
3,6,-0.5,90.2,1037.5,44.8,4.9,0.0,Sunny,0.9
1,20,0.4,68.7,1037.1,50.0,41.0,0.0,Cloudy,1.5
8,20,21.6,57.2,1011.8,9.2,40.2,0.0,Cloudy,20.7
3,16,9.3,67.2,1009.4,0.0,50.2,3.9,Cloudy,7.8
12,9,4.4,70.8,1004.7,21.7,47.5,3.9,Cloudy,7.5
10,10,16.7,52.4,1012.2,13.1,38.2,5.0,Sunny,17.8
7,21,25.5,42.8,996.1,38.0,76.1,0.0,Cloudy,23.6
10,8,10.6,72.9,1012.1,29.2,67.9,2.2,Rainy,8.8
5,8,20.5,41.2,1031.0,30.5,14.7,4.1,Sunny,20.3
10,23,7.3,70.1,1005.7,13.9,68.3,0.0,Rainy,9.1
5,4,15.6,61.1,1010.1,6.1,41.7,1.0,Cloudy,17.2
7,16,29.2,30.2,992.6,38.1,30.0,5.3,Sunny,31.7
9,8,18.3,75.6,1017.5,21.2,43.1,3.4,Cloudy,16.1
12,16,1.1,74.8,1016.2,11.4,44.1,4.1,Cloudy,2.0
5,23,14.6,56.4,1013.8,19.1,54.1,0.1,Cloudy,17.7
1,20,-5.2,83.1,1010.4,18.8,66.7,0.0,Snowy,-2.3
10,18,10.5,87.2,1009.5,16.6,90.5,1.0,Rainy,11.7
10,6,10.0,75.5,1019.0,12.0,61.8,0.0,Rainy,14.8
1,22,-4.1,81.9,1012.7,8.6,51.0,0.1,Cloudy,-2.6
2,8,3.0,91.6,1016.8,0.0,31.5,3.5,Sunny,5.4
6,6,19.4,57.9,1015.6,17.0,57.4,0.0,Cloudy,20.0
9,12,25.8,48.8,1026.5,28.4,34.4,8.6,Sunny,24.9
8,10,29.3,37.6,1021.1,23.3,0.0,7.9,Sunny,28.3
5,13,26.6,37.6,1015.3,18.8,45.5,5.8,Cloudy,27.4
1,18,-2.3,91.8,1031.2,37.0,42.7,1.9,Cloudy,-2.2
7,10,29.6,35.2,1018.0,17.2,19.5,6.6,Sunny,26.9
5,12,25.7,64.7,1028.7,31.2,46.0,6.0,Cloudy,24.3
6,13,29.9,27.4,1020.3,9.5,28.4,7.0,Sunny,29.9
7,12,22.9,66.1,990.9,33.9,89.2,2.8,Cloudy,24.7
3,0,0.4,83.2,1028.7,31.2,41.9,0.3,Cloudy,0.9
12,7,7.2,77.2,1014.6,8.1,60.9,1.0,Rainy,7.5
10,11,14.8,71.1,1012.4,19.6,44.7,6.2,Cloudy,13.5
3,18,5.1,71.1,1016.4,10.8,43.9,0.6,Cloudy,5.6
5,11,24.7,56.5,1008.9,18.7,32.3,6.5,Sunny,27.6
6,7,23.8,22.2,1015.7,16.2,6.5,2.2,Sunny,24.6
9,7,22.2,44.5,1005.9,26.5,36.3,1.1,Sunny,20.0
12,20,-5.2,83.5,1028.3,37.6,26.0,0.0,Sunny,-6.9
5,12,27.1,31.8,1011.6,19.2,26.3,7.6,Sunny,28.7
1,11,4.6,75.9,1008.4,0.7,55.2,5.4,Cloudy,4.7
4,15,17.2,63.0,1001.9,34.9,68.3,4.2,Cloudy,17.6
5,0,15.2,69.3,1016.2,28.1,19.3,0.0,Sunny,14.6
12,12,9.2,73.6,1015.2,10.8,46.5,6.4,Cloudy,10.6
10,6,12.5,59.6,1017.7,19.5,36.7,0.3,Sunny,12.4
10,4,2.2,85.3,1000.7,19.7,73.6,0.6,Rainy,2.4
5,7,20.7,55.2,993.8,19.5,64.8,0.9,Cloudy,19.7
7,13,31.5,47.1,1020.5,15.1,0.0,9.0,Sunny,33.7
4,22,9.3,78.8,1030.8,29.1,33.8,0.0,Sunny,9.4
1,12,3.5,80.1,1000.7,23.9,84.2,2.5,Rainy,5.1
5,14,24.4,39.4,1032.1,27.2,6.4,8.5,Sunny,22.8
7,22,27.8,36.8,1016.4,10.2,36.2,0.0,Sunny,31.4
10,16,16.9,54.2,1012.9,12.0,41.1,4.2,Cloudy,19.7
10,14,13.5,61.6,1008.2,11.6,57.4,4.9,Cloudy,10.6
6,19,24.1,51.5,996.4,36.3,63.3,0.4,Cloudy,23.2
5,17,24.0,56.2,1024.9,31.7,31.9,3.2,Sunny,25.3
4,17,21.2,52.7,1003.7,42.2,27.2,3.8,Sunny,19.3
2,1,-3.5,90.4,1003.6,32.2,63.9,0.0,Snowy,-3.2
4,3,2.8,82.2,1024.9,28.2,63.5,0.5,Rainy,4.1
10,0,16.7,54.7,990.4,34.2,35.3,0.0,Sunny,16.9
10,3,7.3,64.9,994.7,36.3,70.7,0.0,Cloudy,8.7
3,17,14.3,45.9,1012.8,14.9,50.1,2.5,Cloudy,13.6
10,4,6.2,68.8,1016.5,12.1,41.4,0.0,Cloudy,2.7
1,18,3.1,85.0,1018.8,25.3,44.7,1.1,Cloudy,5.4
8,14,33.5,27.7,1009.4,5.2,26.8,6.8,Sunny,35.7
5,7,22.3,49.1,1043.4,46.5,0.0,2.8,Sunny,27.3
4,19,17.8,63.0,1010.3,19.7,48.7,0.0,Cloudy,14.3
8,16,32.8,41.0,1010.2,13.0,22.6,5.2,Sunny,34.7
7,0,19.5,44.9,1003.4,21.8,62.4,0.5,Cloudy,16.5
2,11,1.8,92.2,1014.5,12.7,83.7,2.7,Snowy,5.5
1,18,2.3,92.8,1020.4,14.2,51.9,1.8,Cloudy,3.7
12,14,9.6,59.3,1027.4,38.7,0.0,9.1,Sunny,8.4
11,8,4.1,70.6,995.1,25.3,68.4,1.5,Rainy,6.0
4,6,13.3,77.0,1010.0,18.1,55.6,0.0,Cloudy,12.8
8,1,24.1,47.3,1018.4,21.7,32.7,0.7,Sunny,25.2
12,8,-3.8,68.5,1020.0,12.9,22.3,3.2,Sunny,-2.9
2,9,-1.9,73.9,1013.1,12.7,40.1,4.8,Cloudy,1.7
3,1,-1.4,84.5,1019.5,12.5,57.1,0.0,Cloudy,2.4
12,18,4.1,67.2,1003.3,34.8,75.7,1.5,Cloudy,3.5
1,10,-1.1,82.5,1031.7,25.3,20.4,7.9,Sunny,1.3
1,12,8.6,72.4,1024.9,21.1,12.8,8.0,Sunny,9.7
3,9,8.2,87.2,996.9,21.6,100.0,0.6,Rainy,6.2
11,13,11.0,65.7,1000.1,16.6,77.1,3.9,Cloudy,10.2
5,17,17.5,69.5,1000.4,39.8,63.5,2.4,Cloudy,22.2
12,18,-2.4,100.0,1021.1,26.1,70.8,1.4,Snowy,-1.2
3,21,4.6,92.5,997.6,31.6,86.0,0.0,Rainy,6.9
1,8,-10.5,100.0,1009.0,11.5,89.0,2.2,Snowy,-10.4
1,6,-0.9,66.8,1018.5,25.8,41.0,0.1,Cloudy,-1.4
8,2,17.5,63.4,1012.2,6.4,46.9,0.0,Cloudy,18.0
10,19,26.5,55.7,1016.1,22.1,32.6,0.0,Sunny,26.5
11,5,10.0,69.2,1000.2,20.4,45.9,0.0,Cloudy,7.8
12,20,-0.9,100.0,1020.1,15.4,88.4,0.8,Snowy,-2.2
12,1,-6.3,100.0,1005.6,26.9,66.9,0.0,Snowy,-4.6
2,5,-0.4,91.3,1009.1,23.6,49.3,0.2,Cloudy,-0.6
3,2,5.8,87.1,1015.9,20.2,53.5,0.0,Cloudy,6.4
2,15,-0.9,89.7,1014.2,5.1,46.5,4.7,Cloudy,0.0
3,7,-3.7,65.6,1013.3,8.8,44.7,0.5,Cloudy,-2.6
7,1,17.7,53.4,1004.0,24.1,61.2,0.3,Cloudy,20.3
1,16,5.5,88.7,1009.4,9.5,82.4,2.7,Rainy,4.0
10,8,14.0,55.9,1013.0,23.0,51.3,2.2,Cloudy,15.5
8,11,32.6,33.8,996.5,12.6,43.8,5.2,Cloudy,34.5
10,2,1.2,72.7,1007.4,12.4,60.0,0.4,Cloudy,3.5
10,10,5.7,94.2,1017.7,13.5,65.1,2.9,Rainy,3.7
10,0,10.2,86.5,997.7,7.6,57.1,0.6,Cloudy,11.2
2,22,-6.4,85.8,1026.9,17.5,47.8,0.0,Cloudy,-2.8
3,12,2.1,83.3,1028.2,35.3,13.6,8.3,Sunny,2.4
9,14,25.6,39.8,998.1,30.2,80.9,3.2,Cloudy,27.0
7,4,24.0,55.2,1029.3,44.1,8.1,0.0,Sunny,25.9
4,20,11.5,72.8,1011.3,26.4,50.8,0.0,Cloudy,10.2
10,16,15.4,70.1,1018.0,21.5,30.0,5.2,Sunny,19.2
5,22,15.4,65.3,1007.0,21.7,45.2,0.0,Cloudy,16.8
2,23,-5.8,100.0,1024.1,25.8,87.5,0.8,Snowy,-4.4
11,5,-4.6,81.7,1017.9,0.0,64.0,0.0,Snowy,-7.1
8,20,21.3,36.0,1003.2,12.6,16.6,0.0,Sunny,23.2
4,21,12.5,62.3,999.0,29.6,87.1,0.0,Cloudy,13.9
9,10,23.3,34.4,995.5,38.0,68.3,4.0,Cloudy,26.7
5,17,23.9,34.2,1015.3,17.0,16.3,4.3,Sunny,23.9
9,3,9.2,61.2,1019.9,13.1,37.1,0.7,Sunny,7.9
4,2,5.3,67.9,1020.8,28.9,35.6,0.0,Sunny,4.5
10,12,8.5,62.7,1011.6,25.6,75.6,3.8,Cloudy,8.1
5,22,16.7,65.1,999.1,36.2,54.5,0.2,Cloudy,15.2
9,8,24.7,42.9,1004.8,29.7,44.5,3.3,Cloudy,27.5
8,20,18.2,55.9,1026.8,24.1,11.9,0.6,Sunny,21.1
3,5,-1.6,96.3,1007.2,27.6,54.7,0.0,Cloudy,-1.4
1,11,3.6,72.0,1014.7,15.2,80.7,3.0,Rainy,3.4
3,1,4.2,76.0,1000.1,31.6,54.9,0.0,Cloudy,1.4
4,2,4.2,82.3,1017.0,19.8,54.9,0.0,Cloudy,6.0
2,2,-8.9,78.9,1007.5,17.6,37.4,0.3,Sunny,-5.4
1,11,-5.6,69.6,1025.6,20.2,23.9,6.7,Sunny,-6.3
7,14,32.4,39.8,1022.3,22.5,20.3,8.3,Sunny,32.7
8,8,32.3,41.5,1007.1,27.0,25.6,3.1,Sunny,33.6
7,22,24.1,69.5,1011.5,10.3,59.7,0.0,Cloudy,27.7
5,7,17.4,60.5,1006.4,27.1,48.3,2.1,Cloudy,18.2
12,10,4.2,87.0,996.0,38.3,100.0,1.5,Rainy,5.0
1,15,3.8,77.4,1002.7,22.0,90.1,2.2,Rainy,4.6
7,21,21.2,56.2,1015.4,26.0,27.0,0.0,Sunny,19.1
7,3,23.5,66.4,1016.9,13.8,41.8,0.0,Cloudy,21.4
9,0,14.7,41.7,1014.8,26.2,29.3,0.5,Sunny,13.8
3,23,0.8,87.9,1009.4,19.8,76.2,0.0,Snowy,3.2
9,6,12.1,88.2,1024.2,25.3,45.2,0.0,Cloudy,12.0
1,1,-2.6,91.7,1013.8,5.8,65.9,0.5,Snowy,-3.0
1,23,-3.6,100.0,1021.4,21.4,53.7,0.0,Cloudy,-4.1
4,4,4.6,71.8,991.7,35.9,83.9,0.1,Rainy,4.8
9,6,20.0,54.7,965.9,58.4,100.0,0.0,Cloudy,23.6
6,3,16.3,60.8,1016.4,14.3,47.2,0.0,Cloudy,16.6
11,4,-3.3,67.8,995.9,26.1,83.6,0.0,Cloudy,-4.2
3,23,-2.3,76.7,1010.5,19.7,68.4,0.0,Snowy,-1.7
1,0,-14.3,95.5,1009.4,26.8,69.9,0.0,Snowy,-10.6
4,0,8.7,80.2,1032.0,25.0,32.3,0.2,Sunny,8.3
12,14,-1.4,95.9,1017.8,31.5,43.6,5.6,Cloudy,-3.1
9,19,15.6,64.8,1015.0,13.4,61.4,0.5,Cloudy,15.2
3,18,-0.3,93.7,1023.0,16.3,8.8,2.1,Sunny,0.4
12,9,1.1,81.7,1017.4,23.4,49.3,3.4,Cloudy,2.8
9,17,22.6,63.1,1007.5,15.0,69.5,1.8,Cloudy,25.0
7,2,18.7,57.0,1025.9,26.8,0.2,0.0,Sunny,17.3
12,10,-1.3,87.5,999.7,24.7,87.2,2.8,Snowy,-2.5
4,14,13.3,62.4,1016.9,10.1,27.6,7.0,Sunny,13.2
3,10,9.9,77.1,994.4,40.1,76.3,2.9,Rainy,11.6
10,16,15.0,58.3,1015.4,12.6,51.3,4.5,Cloudy,13.2
5,16,25.5,56.6,1015.3,3.3,39.1,4.7,Sunny,24.9
5,5,11.2,56.9,1033.1,40.5,0.0,0.8,Sunny,10.6
3,4,0.5,73.2,994.2,24.9,64.8,0.6,Snowy,2.7
12,7,3.5,86.6,1005.8,11.4,86.0,0.2,Rainy,5.0
9,1,15.5,60.8,1022.9,33.4,34.5,0.5,Sunny,17.7
4,15,16.1,56.2,1017.0,7.3,59.6,4.9,Cloudy,19.1
11,19,7.6,82.5,1015.2,0.0,79.8,0.8,Rainy,7.5
5,23,13.8,58.2,1001.5,30.8,52.8,0.5,Cloudy,12.2
4,11,16.3,58.6,1005.9,18.1,89.2,2.9,Cloudy,14.6
5,5,13.5,78.8,1027.9,28.2,33.1,0.0,Sunny,10.6
7,0,20.1,70.2,1012.4,10.2,35.6,0.0,Sunny,19.8
9,3,14.1,79.6,1017.5,19.3,39.5,0.0,Sunny,13.9
7,16,27.2,41.3,1011.6,7.6,0.0,5.8,Sunny,29.1
5,12,20.1,67.1,998.8,40.8,92.4,3.0,Cloudy,20.7
10,17,10.7,59.5,1024.2,13.6,48.7,2.6,Cloudy,10.3
10,4,0.4,75.3,1019.0,22.8,28.4,0.6,Sunny,0.7
7,23,16.9,36.2,1040.7,50.3,0.0,0.0,Sunny,15.5
10,23,8.4,89.1,1000.8,20.5,82.1,0.5,Rainy,10.7
5,2,9.4,62.2,1022.9,15.7,14.3,0.0,Sunny,8.5
3,10,10.1,68.7,997.3,39.0,45.3,4.5,Cloudy,8.5
7,12,31.3,28.9,1014.9,6.3,14.2,9.6,Sunny,33.3
11,3,-8.7,100.0,1024.7,21.2,47.6,0.6,Cloudy,-7.1
11,13,13.4,61.1,988.1,48.9,74.3,3.9,Cloudy,10.8
2,21,1.6,69.6,1010.5,15.2,55.8,0.0,Cloudy,3.6
12,10,-1.1,91.1,1006.2,5.7,95.3,1.9,Snowy,-1.9
9,9,22.2,37.3,1004.6,36.1,34.2,4.8,Sunny,22.1
10,18,11.6,59.3,1017.6,13.3,37.1,1.3,Sunny,12.4
10,17,16.6,39.0,1026.4,24.9,18.0,3.7,Sunny,18.2
12,5,-9.4,84.9,1011.4,16.0,70.1,1.0,Snowy,-8.1
1,14,-3.2,91.5,1015.5,20.0,51.2,6.7,Cloudy,-2.8
6,20,22.6,31.5,1014.4,29.3,21.4,0.8,Sunny,22.3
7,9,27.1,29.6,1013.0,0.0,28.9,5.3,Sunny,28.3
8,4,17.3,59.0,999.9,34.3,44.0,0.0,Cloudy,17.6
10,4,2.1,76.5,1026.3,33.9,52.5,0.0,Cloudy,5.8
9,9,19.0,76.5,1016.5,15.2,69.7,2.4,Rainy,20.5
2,4,-4.2,100.0,1017.7,24.0,52.1,0.0,Cloudy,-5.4
11,2,-1.2,78.1,1003.3,31.1,72.1,1.1,Snowy,-1.5
10,22,9.7,76.0,1007.5,7.6,71.1,0.9,Rainy,10.3
2,5,-7.0,100.0,1010.9,28.5,65.0,0.4,Snowy,-4.2
5,3,17.9,52.2,994.6,21.6,71.4,0.0,Cloudy,20.9
5,17,18.5,42.2,992.7,27.2,62.4,2.7,Cloudy,18.3
6,8,26.1,45.8,1005.8,18.6,20.8,3.7,Sunny,24.9
3,16,14.9,60.9,1019.3,34.9,40.1,3.3,Cloudy,13.5
8,12,31.2,33.8,1005.2,18.9,18.9,8.5,Sunny,32.2
1,14,3.2,84.6,1000.8,26.4,91.7,1.8,Rainy,7.8
6,19,23.6,42.1,1003.2,35.2,34.1,0.0,Sunny,25.0
4,16,21.3,41.5,1007.5,16.2,34.8,4.6,Sunny,19.0
1,12,-2.5,89.8,1008.8,7.7,89.8,2.2,Snowy,-3.3
7,15,27.9,47.0,1039.0,39.8,1.4,8.1,Sunny,27.3
9,21,15.9,49.4,1025.7,38.2,0.0,0.0,Sunny,14.9
4,3,11.2,77.5,1025.3,27.3,20.6,0.0,Sunny,11.0
4,4,8.3,54.8,1027.0,44.3,8.3,0.8,Sunny,9.5
6,4,15.1,56.6,1001.0,32.3,63.5,0.0,Cloudy,16.8
12,8,-1.4,84.5,998.3,24.4,86.5,0.8,Snowy,1.1
3,16,7.7,67.0,999.7,28.3,54.2,3.5,Cloudy,9.2
12,12,2.2,76.0,1029.0,24.4,11.7,8.9,Sunny,-0.8
6,1,22.2,70.3,1006.4,14.5,63.3,0.7,Rainy,20.8
7,12,25.7,37.9,998.0,65.9,46.3,6.2,Cloudy,25.9
11,21,9.9,94.6,1007.8,26.4,100.0,0.3,Rainy,10.6
10,20,15.3,66.4,1010.1,22.3,51.3,0.1,Cloudy,17.4
10,22,13.4,65.9,1016.2,10.9,68.5,0.1,Cloudy,13.9
3,18,6.1,80.5,1016.0,28.2,34.3,1.9,Sunny,6.7
7,2,19.4,81.2,1003.1,32.7,48.1,0.0,Cloudy,20.3
3,9,0.8,73.8,1021.2,36.9,22.5,5.3,Sunny,0.9
2,1,-8.0,85.8,1005.3,35.9,89.4,0.6,Snowy,-7.4
12,12,7.0,66.9,1011.1,2.4,76.0,5.6,Cloudy,9.6
10,18,20.2,55.0,1021.2,13.0,14.4,1.5,Sunny,20.5
4,16,12.8,48.6,1005.3,13.2,38.7,4.7,Sunny,13.2
12,20,-1.6,87.6,1006.2,12.6,54.0,0.0,Cloudy,-1.1
8,13,29.3,58.0,1020.1,23.1,2.7,10.7,Sunny,32.2
9,11,17.7,60.0,1002.7,19.8,68.2,3.4,Cloudy,16.2
7,20,28.4,39.5,1008.4,34.1,37.9,0.3,Sunny,32.1
1,11,-0.7,79.8,1019.7,35.2,46.0,5.1,Cloudy,-2.3
3,10,7.2,83.2,1037.6,41.5,0.2,8.1,Sunny,6.5
12,6,-4.9,84.1,1020.3,36.4,72.6,0.0,Snowy,-3.1
9,3,10.0,88.4,1018.7,30.7,45.8,0.5,Cloudy,12.4
12,18,2.8,100.0,1019.4,16.0,68.4,0.5,Rainy,0.8
1,0,-8.1,99.7,1000.1,11.4,67.3,0.3,Snowy,-9.5
9,23,13.3,65.0,1014.4,11.9,40.5,0.0,Cloudy,14.3
8,2,15.2,72.5,1012.6,7.3,55.6,0.1,Cloudy,19.9
1,12,4.5,89.2,1016.9,18.3,61.6,5.3,Rainy,7.2
6,14,36.7,21.8,1014.4,14.4,15.5,7.5,Sunny,36.8
5,1,13.8,59.1,1017.6,18.0,41.9,0.4,Cloudy,9.9
6,10,31.1,25.1,1009.3,20.7,6.2,7.5,Sunny,31.8
10,3,0.6,88.1,1013.7,3.1,63.6,0.5,Snowy,1.8
12,18,3.5,86.4,998.3,33.0,84.3,0.9,Rainy,3.3
5,16,19.8,41.8,1009.2,13.1,38.5,4.4,Sunny,18.8
6,2,12.2,62.1,1029.7,33.6,19.5,0.0,Sunny,13.0
5,17,20.3,41.1,1016.8,24.3,3.9,4.9,Sunny,19.1
11,7,8.2,63.7,1012.7,2.5,25.2,2.5,Sunny,12.1
12,21,2.1,87.3,1035.8,37.1,0.0,0.0,Sunny,5.4
5,23,15.7,54.1,996.7,30.6,74.6,0.0,Cloudy,17.4
4,18,8.9,68.7,999.7,23.9,80.5,1.1,Cloudy,9.5
3,4,-1.0,70.2,1033.6,43.9,31.0,0.0,Sunny,-1.7
3,6,3.2,82.1,1013.6,6.9,61.2,0.0,Rainy,3.7
4,20,12.7,65.5,1010.1,11.0,18.2,0.0,Sunny,16.2
9,7,10.1,62.6,998.6,23.6,50.0,1.2,Cloudy,12.1
2,4,-8.9,96.4,1018.4,27.2,62.0,0.0,Snowy,-8.0
9,16,23.9,50.9,1019.5,15.9,27.9,4.1,Sunny,26.1
1,4,-5.1,84.4,999.9,31.4,75.5,0.0,Snowy,-3.6
1,3,-16.6,95.1,1011.3,29.8,74.6,0.3,Snowy,-15.4
5,21,16.8,77.9,1009.0,16.2,60.7,0.0,Rainy,19.1
6,18,27.7,37.1,1016.1,24.6,23.2,1.8,Sunny,29.1
6,20,27.5,42.7,999.6,41.5,40.5,1.0,Cloudy,29.6
3,1,2.0,92.1,1028.0,38.2,56.7,0.0,Cloudy,2.8
7,10,31.3,73.3,1024.0,25.1,28.4,6.5,Sunny,31.4
9,21,14.2,51.2,1008.6,22.4,22.4,0.0,Sunny,13.8
11,12,2.6,85.7,1010.4,4.8,52.3,6.7,Cloudy,1.9
12,14,4.3,71.5,1011.4,7.7,47.3,5.4,Cloudy,1.9
10,11,20.2,49.2,1003.7,18.4,63.4,4.3,Cloudy,19.1
8,21,28.1,35.6,1007.7,36.3,32.3,0.7,Sunny,27.0
6,20,27.0,33.3,1009.8,9.4,25.4,0.0,Sunny,26.6
12,21,0.0,84.5,1032.4,28.6,11.4,0.0,Sunny,3.4
8,10,28.6,27.3,1024.4,17.3,13.8,7.1,Sunny,28.9
12,6,-5.3,100.0,1024.2,29.9,43.4,0.0,Cloudy,-4.4
5,4,13.3,65.6,1017.4,18.5,37.8,0.2,Sunny,14.3
8,16,36.0,35.2,999.6,36.8,67.0,3.2,Cloudy,39.4
10,23,4.0,74.4,1012.5,18.0,60.4,0.0,Rainy,3.5
12,19,7.9,69.5,1024.6,14.9,6.8,0.0,Sunny,8.0
4,8,10.7,71.8,997.9,23.7,46.4,2.5,Cloudy,11.0
10,13,23.1,38.7,1020.6,32.1,14.7,8.0,Sunny,25.6
8,11,22.7,47.3,1040.9,43.8,0.0,8.6,Sunny,25.7
10,5,10.1,61.3,1025.7,36.8,33.5,0.1,Sunny,11.5
12,16,2.1,72.9,1030.0,31.2,26.2,5.7,Sunny,4.8
2,18,-2.8,68.1,1015.6,7.4,46.2,1.9,Cloudy,-2.0
12,18,3.7,92.8,1024.6,23.5,36.9,0.5,Sunny,3.9
12,15,9.7,63.6,1004.4,14.6,83.5,2.4,Cloudy,12.3
5,11,19.9,66.8,1022.6,18.9,75.1,2.9,Cloudy,21.2
9,11,17.2,69.8,1020.9,23.0,32.9,6.9,Sunny,16.4
4,19,13.2,52.4,1016.5,20.3,36.7,0.0,Sunny,15.5
11,5,0.4,73.5,1028.8,18.2,29.2,0.3,Sunny,0.5
6,22,23.3,75.6,1006.5,19.6,58.7,0.0,Cloudy,23.2
1,3,-4.0,100.0,1010.8,10.0,60.9,0.0,Snowy,-1.9
9,5,14.5,62.9,1014.1,8.2,26.0,0.0,Sunny,14.9
1,10,8.4,74.9,1000.6,27.9,54.0,4.5,Cloudy,9.6
5,0,14.7,56.6,1015.7,10.9,41.6,0.0,Cloudy,16.4
4,23,6.4,79.8,992.4,47.8,79.0,0.0,Stormy,5.5
12,22,-9.6,92.2,1025.6,36.6,7.0,0.0,Sunny,-8.4
3,14,9.9,49.8,1013.6,22.1,40.7,6.2,Cloudy,12.9
6,10,25.8,33.1,1006.7,15.5,32.0,5.3,Sunny,24.6
2,18,6.7,75.1,1003.0,16.3,87.8,0.0,Rainy,8.0
3,17,11.1,57.1,1010.2,16.0,49.8,2.5,Cloudy,10.1
5,16,19.5,55.1,1021.3,20.7,4.0,6.2,Sunny,21.8
9,18,22.7,40.2,1019.6,15.0,0.0,2.0,Sunny,25.0
2,20,2.6,73.3,1004.5,12.8,53.2,0.0,Cloudy,2.4
10,13,23.9,57.7,1002.8,23.9,46.2,6.1,Cloudy,28.4
8,17,31.9,39.6,1020.9,18.2,30.0,3.1,Sunny,34.4
2,18,5.9,76.0,1004.3,27.9,66.1,1.1,Rainy,7.7
11,14,11.2,76.9,1013.7,18.2,69.8,3.7,Rainy,12.9
5,14,26.6,50.0,1014.5,22.6,12.9,8.4,Sunny,28.8
7,3,25.2,61.7,1016.7,6.4,52.0,0.4,Cloudy,23.9
8,6,15.8,56.7,1023.3,27.6,35.1,0.4,Sunny,16.6
1,12,1.8,78.0,997.8,24.4,47.1,6.7,Cloudy,3.0
6,2,15.0,49.4,990.1,29.8,88.8,0.4,Cloudy,14.8
1,15,5.3,72.7,1006.2,16.7,62.5,4.1,Rainy,6.6
2,8,4.8,87.5,1034.6,46.5,34.7,3.1,Sunny,7.5
1,7,-5.9,100.0,1037.3,38.1,20.6,1.8,Sunny,-6.2
11,19,-3.0,99.1,1035.0,50.9,55.5,0.0,Cloudy,-2.6
5,12,22.5,33.2,1010.7,19.2,9.0,9.2,Sunny,21.6
10,16,20.9,64.6,991.6,34.5,89.7,2.0,Cloudy,18.1
9,16,26.3,27.1,984.9,55.0,73.5,2.2,Cloudy,28.2
6,16,31.0,47.4,1005.6,24.4,29.6,5.0,Sunny,31.5
11,0,-1.3,83.3,1010.6,7.4,91.6,0.0,Snowy,-0.7
11,7,-1.7,94.5,1028.6,45.6,46.2,1.6,Cloudy,-2.9
1,18,3.1,67.1,1023.4,26.6,41.1,1.3,Cloudy,3.2
1,5,-9.6,100.0,1015.7,15.4,43.0,0.0,Cloudy,-7.1
2,2,2.6,66.4,1002.3,18.0,94.3,0.0,Cloudy,3.1
9,4,16.1,54.2,1001.5,35.3,36.9,0.3,Sunny,16.6
3,12,7.9,63.2,1016.0,19.8,55.0,5.3,Cloudy,8.7
1,14,1.6,65.1,1021.4,27.1,18.1,7.7,Sunny,-0.2
5,13,24.4,49.3,1017.7,13.6,18.2,8.6,Sunny,26.0
7,22,22.0,70.0,1000.6,33.6,79.5,0.0,Cloudy,20.3
6,15,34.4,60.1,1020.8,28.7,45.8,5.7,Cloudy,33.2
12,17,4.9,78.7,1018.1,12.8,28.3,3.1,Sunny,3.5
1,21,-6.5,100.0,1000.2,16.1,100.0,0.0,Snowy,-6.3
5,21,25.0,49.8,1003.6,27.9,64.7,0.0,Cloudy,24.9
5,10,22.2,56.7,1021.3,9.3,13.2,7.1,Sunny,22.7
6,2,21.2,49.8,1010.2,16.6,63.0,0.0,Cloudy,20.1
3,21,1.0,85.4,1032.1,31.3,9.3,0.4,Sunny,3.3
5,9,22.0,57.4,1019.0,29.0,21.8,5.8,Sunny,24.0
7,9,28.8,36.0,1007.2,15.9,41.2,4.7,Cloudy,29.0
5,20,11.4,67.1,1012.9,21.0,34.3,0.0,Sunny,11.1
5,15,32.9,35.1,1013.8,8.8,27.4,5.9,Sunny,32.3
5,11,28.4,50.7,1004.3,30.5,52.2,4.9,Cloudy,28.3
10,1,4.6,67.4,1002.0,41.6,60.8,0.8,Cloudy,2.6
10,8,7.6,73.1,1021.4,13.6,51.0,3.4,Cloudy,6.4
3,23,2.1,100.0,1023.1,26.5,51.4,0.1,Cloudy,4.2
1,2,-7.7,100.0,1020.2,42.7,62.6,0.0,Snowy,-6.6
5,23,16.2,74.2,1031.2,34.4,41.9,0.7,Cloudy,19.6
9,14,25.8,46.6,1006.5,20.3,54.2,4.8,Cloudy,25.7
1,2,-6.0,97.2,1033.1,42.4,49.7,0.1,Cloudy,-6.1
3,18,13.8,74.3,1002.2,25.3,51.0,2.1,Cloudy,13.6
4,17,18.5,72.8,1000.8,12.9,77.1,1.2,Rainy,18.4
1,7,-7.8,77.1,991.9,46.4,72.5,1.4,Stormy,-8.4
1,16,8.6,58.9,1007.7,2.4,30.0,5.2,Sunny,9.6
8,7,29.1,54.4,1007.0,15.9,46.1,1.5,Cloudy,29.7
2,6,9.5,68.0,1019.3,29.2,24.6,0.0,Sunny,9.1
12,6,-7.6,89.7,1015.9,12.7,70.3,0.0,Snowy,-4.9
8,2,19.1,43.8,998.7,23.6,64.4,0.1,Cloudy,23.0
7,0,12.5,60.7,1008.3,24.7,21.0,0.0,Sunny,15.1
10,3,8.4,58.4,1008.5,10.5,35.1,0.1,Sunny,9.9
10,4,4.6,99.0,991.7,27.8,79.4,0.3,Rainy,6.5
2,0,2.4,81.2,1001.2,28.3,67.6,0.5,Rainy,6.2
6,14,27.0,43.9,1003.8,21.6,51.4,4.6,Cloudy,28.9
6,4,12.2,72.6,1030.2,22.7,21.4,0.7,Sunny,11.6
3,12,8.3,82.2,1015.3,19.9,45.2,7.0,Cloudy,9.5
11,7,-4.5,100.0,1020.9,25.3,77.6,1.1,Snowy,-2.8
2,7,1.3,93.7,995.0,30.7,58.0,0.7,Cloudy,0.0
12,4,-13.6,99.1,1027.3,26.9,66.4,0.0,Snowy,-13.6
1,8,-1.9,84.9,1028.6,34.5,27.8,3.5,Sunny,0.6
6,0,10.6,76.8,989.0,50.3,88.5,0.1,Stormy,7.8
12,3,-7.2,90.5,1004.5,19.9,68.2,0.0,Snowy,-9.0
5,2,19.6,55.6,1018.9,24.4,53.1,0.1,Cloudy,19.8
11,1,0.6,88.0,1020.7,25.8,31.5,0.0,Sunny,1.8
9,7,14.0,71.9,1004.9,28.8,62.7,1.3,Rainy,12.0
1,22,-5.1,74.9,1009.3,16.7,65.8,0.0,Snowy,-4.9
7,8,26.1,53.0,1005.8,13.3,23.7,3.6,Sunny,28.6
5,1,15.1,60.0,1014.3,9.9,26.2,0.0,Sunny,15.7
5,13,19.3,63.1,1027.4,32.0,20.4,9.2,Sunny,21.5
2,13,8.0,80.7,1003.7,37.7,57.1,5.9,Cloudy,7.5
11,3,-11.6,100.0,1025.0,22.5,39.8,0.3,Sunny,-12.6
3,5,-1.8,100.0,1003.6,29.7,78.8,0.7,Snowy,0.3
7,10,27.0,57.9,1002.8,21.6,65.5,4.1,Cloudy,28.2
6,2,20.7,68.5,1022.8,24.7,28.0,0.1,Sunny,19.0
12,7,-1.6,90.3,1024.1,37.4,62.8,0.4,Snowy,-2.5
2,2,-11.7,100.0,1023.2,30.4,39.7,0.0,Sunny,-8.4
6,13,26.0,54.8,997.2,21.0,43.2,6.2,Cloudy,24.8
2,12,5.9,83.5,1007.4,14.1,95.7,1.4,Rainy,8.0
2,12,4.8,74.8,1022.9,33.9,27.7,6.9,Sunny,4.4
2,1,-8.2,100.0,1013.5,13.7,49.6,0.2,Cloudy,-7.7
11,12,8.3,72.2,1000.1,18.3,43.8,6.5,Cloudy,9.3
3,18,10.8,60.3,1018.5,12.0,50.1,0.8,Cloudy,7.5
2,5,-6.4,100.0,1004.4,27.9,77.7,0.0,Snowy,-8.6
4,15,17.4,59.4,1034.5,45.8,5.5,8.4,Sunny,18.1
9,1,21.9,72.7,1031.5,34.4,20.7,0.0,Sunny,21.1
6,7,16.9,43.4,1020.2,40.5,34.7,1.8,Sunny,19.2
1,16,-4.2,85.7,1029.3,38.2,32.8,4.7,Sunny,-6.6
8,22,24.3,48.9,1013.8,11.0,68.3,0.3,Cloudy,25.8
12,1,-8.6,100.0,1022.2,16.5,58.2,0.0,Cloudy,-10.6
7,9,26.3,49.6,1030.7,25.5,24.0,5.3,Sunny,26.1
10,15,14.7,66.1,1015.9,18.2,53.9,4.6,Cloudy,13.3
3,5,-0.3,74.2,1009.9,11.8,56.0,0.1,Cloudy,3.6
1,1,-1.4,75.5,992.5,49.9,74.8,0.0,Stormy,-3.3
5,1,16.4,63.6,1012.0,24.9,51.0,0.2,Cloudy,16.7
4,12,20.6,40.4,1022.9,28.9,21.1,9.3,Sunny,18.0
10,23,2.1,76.5,1024.3,16.2,28.0,1.3,Sunny,5.5
8,14,25.5,51.7,1019.1,13.9,29.6,6.7,Sunny,26.7
1,1,-19.2,100.0,1006.5,29.8,98.3,0.0,Snowy,-18.4
10,6,5.8,92.4,989.3,36.0,100.0,0.3,Rainy,8.9
1,2,-4.2,100.0,1007.1,28.1,91.7,0.1,Snowy,-3.4
12,7,0.4,68.7,1009.3,20.2,81.5,1.3,Cloudy,1.3
4,22,8.1,63.5,1009.2,16.9,40.6,0.1,Cloudy,8.9
8,13,29.8,17.4,1020.4,15.3,11.6,9.0,Sunny,31.3
5,23,12.0,59.2,1036.8,39.8,25.8,0.6,Sunny,11.6
2,22,-2.3,96.1,1014.5,15.3,51.6,0.6,Cloudy,-2.2
6,21,25.6,42.4,1010.4,23.4,26.3,0.0,Sunny,27.6
5,6,9.5,75.3,1009.9,8.6,83.4,0.0,Rainy,10.5
2,20,1.1,68.2,1014.5,11.7,30.9,0.0,Sunny,1.4
11,6,5.7,84.4,1003.1,24.3,53.9,0.0,Cloudy,3.7
11,0,-1.9,82.2,1014.4,19.0,78.3,0.0,Snowy,1.3
11,16,13.0,65.6,1018.4,11.2,55.8,3.8,Cloudy,12.3
3,8,16.3,59.7,1015.5,4.5,44.5,3.4,Cloudy,18.5
9,20,18.6,44.4,1018.5,24.0,22.2,0.9,Sunny,19.4
7,12,32.8,24.3,1018.2,6.1,2.6,10.0,Sunny,30.9
7,20,23.0,60.1,991.7,47.8,78.2,0.0,Cloudy,25.8
11,18,8.7,75.9,1020.6,19.9,65.4,1.0,Rainy,9.7
6,20,26.0,56.6,1004.9,9.3,55.2,0.0,Cloudy,28.9
8,18,27.9,46.4,999.8,23.9,84.7,1.0,Cloudy,28.1
4,21,6.4,76.9,999.7,30.9,60.2,0.2,Rainy,8.1
8,16,30.1,22.5,1018.2,14.0,7.7,7.2,Sunny,27.5
4,22,14.8,60.0,1010.3,15.4,40.4,0.0,Cloudy,14.4
8,22,22.9,50.3,992.8,42.1,49.2,0.2,Cloudy,21.1
9,9,24.4,67.9,1018.7,17.3,36.6,5.8,Sunny,24.2
3,9,5.6,83.5,995.7,25.2,90.6,1.3,Rainy,7.0
3,3,2.2,97.1,1014.7,11.6,73.3,0.1,Rainy,1.6
11,7,4.6,84.1,1015.9,26.8,87.2,0.2,Rainy,6.6
2,21,-5.5,86.1,1023.6,38.2,51.3,0.0,Cloudy,-6.5
10,19,14.8,63.9,1034.4,21.5,29.9,0.0,Sunny,16.9
3,19,2.6,83.5,996.6,40.4,84.0,0.5,Rainy,5.4
3,17,6.7,65.5,1012.4,14.8,72.0,1.9,Cloudy,9.0
5,13,25.6,42.8,1009.7,23.4,70.9,3.6,Cloudy,25.4
5,17,24.4,46.3,1018.2,13.8,32.6,3.8,Sunny,21.1
2,13,0.9,99.7,1015.6,1.0,51.0,5.8,Cloudy,2.5
12,19,5.6,55.7,1008.8,21.8,37.1,0.5,Sunny,5.9
10,20,14.3,75.6,1007.7,10.8,65.1,0.0,Rainy,13.0
6,23,17.1,50.0,999.6,17.0,62.0,0.2,Cloudy,16.6
5,14,18.8,43.0,1024.9,15.7,22.8,8.0,Sunny,21.9
6,21,22.0,63.8,1018.5,23.4,43.3,0.0,Cloudy,20.4
1,3,-9.6,100.0,1024.0,26.3,53.6,0.0,Cloudy,-8.2
5,12,24.6,60.6,1009.3,22.7,38.4,6.7,Sunny,25.5
9,22,14.5,71.2,1005.1,26.8,67.7,0.6,Rainy,14.4
12,7,-9.7,100.0,1000.1,24.2,100.0,1.0,Snowy,-8.0
10,17,14.7,68.6,1017.3,16.6,56.8,2.2,Cloudy,18.1
2,11,2.9,79.1,1000.5,22.9,82.1,2.3,Rainy,2.9
1,22,-2.5,92.1,1035.2,36.9,46.7,0.0,Cloudy,-2.4
10,13,15.0,74.9,997.3,23.1,70.4,3.9,Rainy,16.6
11,1,5.9,68.3,1016.3,19.1,35.3,0.2,Sunny,8.1
9,17,15.6,55.1,1031.8,43.2,0.0,4.6,Sunny,15.9
10,23,13.0,62.4,1020.2,14.1,31.0,0.0,Sunny,13.0
9,1,12.3,45.5,1015.1,24.8,22.4,0.6,Sunny,8.8
9,10,25.4,48.2,1001.4,26.9,69.3,3.5,Cloudy,24.5
6,8,24.4,29.5,996.4,33.8,38.4,3.4,Sunny,22.9
8,11,32.9,36.1,1022.2,9.5,0.0,8.5,Sunny,34.7
11,16,8.6,80.7,1031.1,19.2,58.5,2.2,Cloudy,8.7
1,14,-0.4,80.8,1007.7,19.5,57.7,4.1,Cloudy,-0.4
10,16,22.9,67.5,999.3,34.7,70.0,2.5,Cloudy,23.4
4,17,15.8,46.7,983.5,42.0,83.7,1.7,Cloudy,14.7
1,21,-2.7,100.0,1001.2,39.5,70.6,0.0,Snowy,0.6
8,5,24.8,54.5,1011.6,19.5,58.7,0.8,Cloudy,27.7
1,16,-0.9,69.2,1032.2,27.8,29.2,5.1,Sunny,2.5
3,22,4.4,100.0,1021.1,21.9,81.3,0.7,Rainy,6.1
4,23,5.4,76.3,1016.7,36.2,37.7,0.0,Sunny,5.8
8,17,27.8,34.5,1008.2,7.8,32.8,3.6,Sunny,31.2
6,7,22.9,36.6,1006.0,24.6,36.7,1.7,Sunny,22.1
10,8,6.0,73.8,1029.9,29.7,30.3,3.9,Sunny,4.9
12,5,-7.5,94.9,1015.4,20.5,41.0,0.0,Cloudy,-8.1
7,4,26.2,46.7,987.8,52.4,72.2,0.2,Cloudy,27.6
8,11,31.9,34.2,1004.9,18.6,14.6,8.8,Sunny,31.0
2,10,2.6,87.4,1002.7,33.3,82.0,2.3,Rainy,2.8
10,0,7.8,69.5,1006.4,37.6,26.5,0.1,Sunny,5.4
11,10,6.8,55.4,1019.8,20.6,0.9,7.2,Sunny,8.2
8,18,32.6,34.7,1011.7,19.8,38.5,2.0,Sunny,30.3
3,8,4.2,55.0,1012.1,8.4,31.7,4.4,Sunny,3.0
7,1,21.1,56.8,1028.8,31.1,1.3,0.0,Sunny,23.8
3,11,13.8,54.5,1004.6,20.6,69.7,3.9,Cloudy,16.5
7,3,17.1,61.0,1035.4,45.2,14.1,0.4,Sunny,18.3
11,3,5.4,90.0,1004.9,31.3,88.2,0.0,Rainy,6.4
12,17,-2.0,78.5,1014.1,12.4,50.9,2.8,Cloudy,-2.5
2,14,12.4,77.0,1009.6,28.3,99.2,1.4,Rainy,11.5
10,18,13.5,60.4,1014.5,26.0,31.0,1.6,Sunny,13.4
6,12,28.3,60.0,1018.3,25.2,60.2,4.9,Cloudy,26.1
3,18,0.4,80.7,1018.2,14.1,47.8,1.5,Cloudy,1.4
3,16,8.4,64.0,1004.0,18.0,33.6,4.2,Sunny,9.0
9,5,10.6,76.0,999.5,21.7,80.6,0.0,Rainy,9.4
7,15,29.4,36.6,1043.0,55.6,0.0,9.0,Sunny,32.7
5,23,14.2,55.3,1007.2,9.3,31.6,0.0,Sunny,15.8
12,11,7.9,68.3,1021.4,27.5,21.4,7.1,Sunny,9.7
10,18,15.8,60.8,993.7,26.5,71.1,0.9,Cloudy,15.5
7,4,22.0,65.4,1009.6,22.6,56.0,0.0,Cloudy,22.5
9,16,19.8,35.9,1011.5,14.0,0.0,6.0,Sunny,21.4
1,22,-8.5,98.0,1018.7,29.5,75.9,0.1,Snowy,-7.7
7,0,28.0,49.3,980.3,60.3,76.1,0.0,Cloudy,31.4
6,23,16.9,61.5,1015.0,25.9,20.1,0.0,Sunny,17.1
10,22,15.6,74.7,999.2,40.2,87.1,0.1,Rainy,15.2
12,9,0.5,83.6,1016.9,17.8,52.3,3.0,Cloudy,2.1
9,14,25.0,45.6,1000.6,17.7,68.8,3.1,Cloudy,23.2
1,22,-0.7,92.0,1002.7,15.9,86.4,0.3,Snowy,1.4
4,20,17.1,60.4,1009.7,0.0,47.2,0.0,Cloudy,15.2
9,20,18.6,53.3,1000.4,18.5,53.9,0.0,Cloudy,20.2
4,10,13.4,70.0,1007.3,19.4,64.8,2.9,Cloudy,12.8
10,12,17.0,53.0,998.7,24.7,52.4,5.4,Cloudy,18.3
3,4,1.2,77.2,991.0,37.0,74.2,0.2,Snowy,3.3
9,0,17.4,53.7,1025.2,30.6,28.4,0.1,Sunny,18.1
2,23,-4.4,100.0,997.4,28.2,91.2,1.2,Snowy,-6.0
4,11,18.7,24.7,1010.9,5.6,21.0,8.3,Sunny,17.6
6,10,33.7,38.4,1022.0,22.4,29.7,5.7,Sunny,32.9
2,16,6.6,75.4,1005.6,13.7,62.2,2.6,Rainy,3.7
8,3,19.6,38.8,1003.1,21.7,42.3,1.4,Cloudy,22.1
8,14,24.0,52.0,1015.7,26.0,23.3,8.1,Sunny,24.7
1,8,-12.5,100.0,1026.4,25.9,56.3,2.8,Cloudy,-14.1
12,20,1.4,88.8,999.0,43.0,88.4,0.0,Snowy,4.5
3,19,6.2,49.2,1011.2,25.6,50.7,0.1,Cloudy,5.4
10,18,12.9,79.3,992.2,32.3,78.0,0.1,Rainy,13.9
9,18,23.0,43.2,1008.3,8.8,30.4,1.9,Sunny,22.0
5,11,23.0,57.4,1013.4,12.1,51.4,5.4,Cloudy,19.9
6,4,23.4,57.3,1002.7,33.5,59.2,0.0,Cloudy,21.5
4,9,13.9,55.4,1007.5,14.7,33.4,4.5,Sunny,13.6
10,16,14.2,70.3,996.1,39.5,94.2,2.2,Rainy,16.3
2,4,-1.4,83.2,1013.9,22.8,31.4,0.0,Sunny,-0.2
11,21,2.6,60.4,1025.7,21.0,35.1,1.0,Sunny,3.3
8,15,32.0,48.6,999.8,22.4,34.8,5.0,Sunny,28.9
11,6,0.1,77.1,1005.5,26.7,93.5,0.0,Snowy,2.9
6,8,21.5,44.2,1019.0,20.5,0.0,3.9,Sunny,22.4
5,2,13.3,61.0,1027.5,24.0,38.1,0.0,Sunny,13.6
9,14,25.1,50.1,995.1,30.7,60.8,4.2,Cloudy,27.6
1,15,5.7,75.9,1011.0,13.9,50.6,4.9,Cloudy,8.5
5,17,22.2,57.2,1016.4,3.6,37.7,3.3,Sunny,24.7
6,13,22.6,37.7,1011.8,19.6,37.7,6.5,Sunny,22.6
5,2,11.3,60.7,983.3,43.8,73.5,0.0,Cloudy,10.0
6,11,31.5,36.5,1019.0,0.0,4.3,9.8,Sunny,33.8
6,8,22.9,69.6,1031.2,33.7,31.1,3.3,Sunny,21.0
7,6,22.0,50.8,1014.4,7.7,7.9,0.0,Sunny,26.0
4,8,15.9,71.9,1000.6,40.4,60.2,2.5,Rainy,16.5
11,12,7.3,74.4,1006.8,14.7,100.0,1.8,Rainy,5.9
8,17,22.2,46.9,1034.2,28.7,0.0,4.5,Sunny,20.5
7,4,20.2,52.3,1023.9,29.2,37.4,0.1,Sunny,18.4
9,12,22.3,49.9,1020.7,15.9,14.6,8.1,Sunny,23.0
7,3,16.3,66.5,1017.3,10.9,47.8,0.4,Cloudy,16.8
3,1,-1.5,100.0,1005.1,25.6,91.7,0.0,Snowy,-3.2
3,15,12.8,69.5,1010.6,6.6,69.2,3.2,Cloudy,12.6
8,8,24.1,60.7,1012.1,1.5,40.9,3.4,Cloudy,22.1
5,8,20.2,45.0,1019.6,33.7,51.4,3.3,Cloudy,21.8
4,5,15.0,58.3,1031.1,38.4,4.8,0.8,Sunny,15.4
8,10,25.8,39.1,1026.4,26.0,10.8,8.0,Sunny,25.6
6,21,23.7,52.6,996.0,32.4,66.1,0.0,Cloudy,21.9
2,23,-6.4,91.0,1015.7,19.3,42.8,0.0,Cloudy,-6.4
4,21,7.1,81.7,1021.8,30.4,39.6,0.7,Sunny,6.8
12,0,-7.7,87.2,1020.4,14.9,52.3,0.7,Cloudy,-6.6
11,3,-2.7,89.5,1005.4,24.0,67.5,0.0,Snowy,-1.9
4,12,18.6,63.9,1048.0,49.9,28.9,8.0,Sunny,20.6
6,22,30.5,18.6,997.7,28.9,23.4,0.0,Sunny,30.1
6,12,26.5,66.5,1000.0,28.9,83.8,3.7,Cloudy,23.6
1,12,1.5,79.9,1015.8,15.3,64.6,4.3,Snowy,3.8
8,1,18.1,37.6,1038.4,48.4,0.0,1.0,Sunny,16.9
6,8,25.7,48.0,1003.0,27.9,35.7,3.7,Sunny,24.2
3,23,1.8,82.6,1009.8,3.8,51.1,0.9,Cloudy,2.2
9,7,22.6,50.3,1025.9,16.7,8.1,2.0,Sunny,23.6
2,6,-12.8,100.0,1012.8,9.3,43.5,0.2,Cloudy,-13.3
11,3,-10.3,100.0,1009.0,31.4,61.0,0.0,Snowy,-10.8
8,17,26.4,48.4,1019.8,13.3,1.5,5.0,Sunny,26.2
10,2,10.4,73.9,1016.3,14.3,67.0,0.4,Rainy,13.4
3,5,-5.5,92.2,1025.4,22.5,55.3,1.2,Cloudy,-5.0
12,11,-7.9,100.0,1028.5,26.2,58.5,5.0,Cloudy,-9.2
5,11,25.5,31.9,1016.7,17.8,25.6,7.7,Sunny,24.3
6,20,25.1,48.7,1016.5,27.4,31.4,0.0,Sunny,25.1
10,7,6.1,76.5,1015.6,18.7,71.6,1.2,Rainy,7.0
6,21,18.6,65.2,1018.9,12.6,27.7,0.0,Sunny,20.0
4,21,6.6,66.7,1013.7,34.8,47.3,0.1,Cloudy,7.3
3,0,0.2,67.2,1013.0,12.6,58.3,0.1,Cloudy,-0.8
4,3,3.7,81.0,1027.4,24.6,15.4,0.0,Sunny,3.4
1,20,-0.0,87.8,1031.2,45.1,80.7,0.0,Snowy,1.8
4,10,3.6,94.5,994.9,30.0,93.7,1.6,Rainy,2.0
1,2,-11.4,89.4,1013.1,25.4,64.6,0.0,Snowy,-11.8
12,12,0.6,95.7,1004.7,15.0,98.2,2.3,Snowy,2.1
1,16,2.2,100.0,1009.3,27.9,89.3,1.8,Rainy,4.2
10,21,8.3,68.8,1017.8,19.4,41.5,0.2,Cloudy,8.4
6,21,25.8,33.4,1021.0,32.0,13.3,0.0,Sunny,25.5
5,9,13.1,61.3,1011.7,28.8,22.3,5.6,Sunny,11.2
11,20,5.2,77.4,990.0,30.5,80.3,0.3,Rainy,6.6
4,11,18.5,62.9,1001.4,36.1,69.2,3.8,Cloudy,21.3
11,14,18.4,51.4,1023.8,13.6,26.5,8.3,Sunny,23.5
3,20,3.1,95.9,980.1,43.1,100.0,0.0,Rainy,4.3
1,9,0.9,72.6,1027.2,22.7,27.6,5.5,Sunny,1.3
6,13,22.7,33.6,1019.3,23.5,0.0,10.3,Sunny,21.5
2,12,-4.5,100.0,1028.8,31.2,62.2,5.1,Snowy,-7.4
8,4,22.3,28.8,1010.6,13.5,45.3,0.1,Cloudy,23.1
10,5,7.7,71.4,988.3,42.9,100.0,0.3,Rainy,12.5
5,23,19.5,87.0,1018.2,22.9,50.7,0.4,Cloudy,22.3
7,1,14.7,62.8,1028.3,35.7,36.7,0.0,Sunny,17.2
10,21,12.5,55.0,1024.1,34.1,73.3,0.1,Cloudy,13.5
12,16,12.5,65.6,1005.0,36.1,59.6,3.2,Cloudy,13.7
2,3,-4.2,90.9,1014.0,13.1,42.4,0.0,Cloudy,-8.1
8,13,31.0,40.1,1006.6,15.5,28.8,7.9,Sunny,32.9
2,9,1.5,89.4,1003.2,28.7,86.7,1.6,Snowy,0.9
4,2,-0.3,75.0,1024.5,16.6,11.3,0.0,Sunny,-1.0
1,2,-2.6,100.0,998.6,23.8,94.1,0.0,Snowy,-2.7
5,14,22.6,53.6,1002.3,32.9,59.3,4.3,Cloudy,22.4
9,5,16.8,67.1,999.8,26.9,89.9,0.5,Cloudy,16.0
1,16,-3.1,83.3,995.1,23.8,100.0,1.2,Snowy,-2.5
9,11,18.5,70.1,1014.8,2.2,59.4,5.4,Cloudy,18.0
11,21,9.2,68.6,1026.9,29.1,0.0,0.0,Sunny,9.9
8,19,24.3,51.3,1010.8,23.8,53.1,0.4,Cloudy,22.1
6,23,25.7,37.1,994.9,42.7,63.7,1.4,Cloudy,25.8
7,10,28.7,32.0,1023.1,25.0,11.1,7.6,Sunny,27.2
3,3,-8.2,100.0,1033.2,52.3,13.7,0.4,Sunny,-8.8
1,5,-2.7,84.6,1005.2,20.5,59.2,0.3,Cloudy,-1.9
5,0,11.4,59.3,1007.3,17.8,32.6,0.0,Sunny,9.1
12,19,4.2,72.2,1019.2,0.0,11.1,0.3,Sunny,3.2
12,22,-3.0,96.5,1032.5,31.8,38.3,0.2,Sunny,-1.5
2,15,-0.5,79.5,1006.8,26.3,53.0,4.5,Cloudy,-2.5
5,14,25.7,45.3,997.0,43.7,95.1,1.5,Cloudy,29.4
8,16,38.1,28.0,1020.6,14.5,5.7,6.7,Sunny,40.8
11,7,5.4,57.7,1022.6,27.2,45.4,1.0,Cloudy,5.0
9,11,23.0,35.8,1013.1,20.5,1.4,10.3,Sunny,22.1
2,21,2.6,84.4,1006.3,20.1,61.2,0.1,Rainy,3.5
12,20,0.7,76.6,1024.9,8.1,37.1,0.0,Sunny,-1.4
3,9,7.4,84.5,1019.3,21.6,36.0,4.4,Sunny,4.3
3,14,6.6,84.7,1003.8,29.2,66.8,4.0,Rainy,6.3
1,8,-1.1,93.8,1013.6,5.1,61.5,3.5,Snowy,-0.8
8,1,22.5,69.5,996.8,29.4,69.5,0.0,Cloudy,23.1
6,4,15.6,60.8,1021.2,12.6,58.0,0.0,Cloudy,15.0
12,5,1.3,89.5,1009.9,0.0,73.0,0.0,Snowy,4.1
8,6,20.8,48.0,1007.8,26.5,48.6,0.2,Cloudy,18.6
11,20,1.4,100.0,1012.6,12.4,78.7,0.0,Snowy,-0.1
9,0,17.8,78.1,1013.5,25.4,63.2,0.0,Rainy,19.2
5,22,14.9,62.8,1023.7,31.7,26.6,0.0,Sunny,13.3
12,6,-0.1,89.0,1020.1,17.7,46.8,0.0,Cloudy,-1.7
3,19,5.4,90.5,1011.1,13.6,68.7,0.0,Rainy,6.1
5,11,23.0,49.0,1022.2,27.5,37.9,6.1,Sunny,21.6
5,15,26.8,38.3,1017.8,25.5,36.5,6.3,Sunny,27.0
5,15,26.0,54.8,1007.9,20.7,42.4,5.2,Cloudy,25.2
3,10,0.0,85.8,1011.5,22.6,73.8,2.6,Snowy,-1.0
11,20,0.5,86.1,1011.2,11.8,60.0,0.0,Cloudy,-2.8
10,3,9.9,61.8,1019.1,11.3,34.7,0.0,Sunny,10.7
4,12,16.7,42.8,1008.6,16.8,29.5,6.8,Sunny,14.9
9,6,13.9,66.5,1008.3,19.3,50.9,0.8,Cloudy,14.1
10,3,0.8,92.9,1036.6,30.7,49.7,0.4,Cloudy,0.3
9,14,20.7,51.7,1024.3,14.8,20.7,8.5,Sunny,20.8
2,18,-5.2,100.0,1003.9,26.5,85.7,0.9,Snowy,-5.0
8,8,23.7,42.4,1019.9,17.0,0.0,3.6,Sunny,24.6
8,10,24.7,37.4,1014.4,12.4,19.4,7.7,Sunny,23.9
7,7,20.6,53.5,1017.7,14.8,26.8,1.4,Sunny,23.3
8,0,18.7,56.2,1014.6,26.1,24.4,0.0,Sunny,15.8
3,22,3.5,87.5,1027.3,39.2,40.2,0.1,Cloudy,3.5
6,23,28.3,34.9,1017.1,7.1,11.7,0.7,Sunny,30.3
1,7,-9.6,100.0,1012.3,8.6,72.3,1.5,Snowy,-8.2
7,12,35.8,50.9,1025.5,33.8,18.7,8.8,Sunny,34.6
1,21,0.3,84.1,1015.8,20.2,40.3,0.0,Cloudy,-0.6
9,3,10.1,82.4,1014.5,13.4,49.5,0.0,Cloudy,8.8
1,7,-2.7,78.5,1016.8,7.4,50.5,1.6,Cloudy,-1.2
1,2,-9.8,100.0,1011.9,7.9,89.4,0.0,Snowy,-10.7
7,8,26.7,55.4,1013.1,8.0,42.4,3.4,Cloudy,27.7
2,1,0.1,93.5,1006.0,22.7,66.1,0.4,Snowy,1.1
5,1,15.6,61.4,1004.0,36.4,62.5,0.3,Cloudy,20.4
8,12,31.4,15.0,1001.0,20.9,54.1,4.2,Cloudy,32.4
8,14,28.4,36.0,996.3,23.8,64.0,4.4,Cloudy,27.4
3,22,-3.9,84.6,1002.4,23.8,83.3,0.0,Snowy,-6.1
7,11,29.4,31.1,1010.9,22.8,35.8,6.6,Sunny,29.4
3,3,4.0,80.2,1014.2,1.9,75.9,0.0,Rainy,4.3
6,7,16.5,56.1,1009.7,27.5,60.3,0.5,Cloudy,13.0
6,8,19.9,46.9,984.7,44.5,83.7,1.6,Cloudy,19.1
3,22,2.5,70.7,1031.9,28.8,37.1,0.0,Sunny,3.5
7,4,16.9,52.5,1026.0,14.8,1.0,0.3,Sunny,16.4
3,23,-2.4,99.8,1018.3,24.1,39.3,0.0,Sunny,-0.2
8,19,24.0,42.4,1035.9,38.1,0.0,0.7,Sunny,21.7
10,17,10.8,63.7,1001.3,27.4,63.2,2.7,Cloudy,12.5
4,10,11.1,63.8,1035.7,32.0,2.5,8.2,Sunny,13.2
1,14,6.8,78.2,1001.4,23.3,84.5,2.7,Rainy,9.0
4,21,5.2,81.7,1015.9,11.5,25.0,0.4,Sunny,2.9
7,8,19.6,25.1,997.7,29.5,32.5,3.6,Sunny,20.7
11,16,7.7,83.7,1013.2,6.9,51.1,3.9,Cloudy,7.0
4,11,19.2,70.6,1017.6,5.3,17.9,8.5,Sunny,17.1
6,6,20.3,44.0,1011.1,36.1,56.0,0.7,Cloudy,20.1
9,9,18.7,47.2,1021.6,11.4,0.0,6.0,Sunny,17.6
1,9,-0.3,80.9,1014.2,14.9,46.0,3.6,Cloudy,1.9
5,12,17.2,51.6,1006.7,5.3,59.2,4.6,Cloudy,18.6
11,18,10.0,72.3,1006.2,4.2,70.5,0.2,Rainy,8.4
7,10,30.5,19.7,1022.7,24.5,0.0,8.2,Sunny,29.7
1,12,1.6,71.5,1005.2,22.8,72.0,4.3,Snowy,1.4
4,20,16.0,76.4,1024.0,35.3,41.3,0.0,Cloudy,16.4
6,7,18.1,48.6,1027.7,32.8,47.0,1.2,Cloudy,20.4
2,7,2.8,93.2,993.0,34.8,100.0,1.0,Rainy,4.6
10,3,6.8,78.3,1026.6,20.7,32.3,0.1,Sunny,7.4
5,14,23.7,31.4,1037.7,53.7,0.0,9.5,Sunny,23.7
11,10,7.9,79.5,1016.0,23.1,39.9,6.1,Sunny,5.2
10,10,14.6,62.0,1020.2,10.7,20.2,6.8,Sunny,17.4
1,0,-2.3,83.9,1025.4,27.2,60.6,1.0,Snowy,-2.6
6,16,25.0,49.9,1009.7,17.1,40.2,4.2,Cloudy,28.3
6,14,27.1,49.1,1015.2,11.9,39.6,7.3,Sunny,27.9
4,19,17.7,65.5,997.2,37.1,92.2,0.0,Cloudy,21.8
8,5,17.5,70.5,1014.7,20.7,11.5,0.3,Sunny,19.1
4,23,11.4,72.0,1019.0,17.6,60.6,0.0,Rainy,9.3
8,21,29.4,27.2,1019.2,17.2,10.6,0.6,Sunny,28.8
8,14,28.5,37.5,1025.8,39.3,13.6,8.1,Sunny,28.7
5,8,21.7,81.8,1003.7,30.6,58.8,2.5,Cloudy,20.7
4,13,13.2,72.5,1006.6,20.2,49.0,5.5,Cloudy,13.0
12,17,7.1,98.0,1035.7,26.3,41.8,3.5,Cloudy,5.2
2,16,5.9,90.2,1011.2,16.9,100.0,0.8,Rainy,6.4
11,17,11.1,70.7,1015.4,20.5,61.0,3.1,Rainy,12.1
3,4,-2.8,92.2,1012.2,0.0,84.7,0.0,Snowy,-4.1
3,19,-0.1,84.8,1003.1,25.8,71.3,0.0,Snowy,3.9
4,19,15.6,44.3,1032.5,32.0,0.0,0.5,Sunny,16.2
4,8,3.7,79.6,1006.7,17.8,53.5,2.3,Cloudy,2.8
10,10,13.7,76.5,999.5,21.0,66.5,3.7,Rainy,11.3
11,23,4.5,72.2,1007.6,17.3,27.9,0.0,Sunny,5.1
11,21,4.2,82.8,989.0,52.0,83.1,0.0,Stormy,4.2
5,0,21.6,61.1,1005.2,17.8,46.1,0.0,Cloudy,23.5
4,17,20.3,45.4,1001.4,33.7,46.6,3.5,Cloudy,20.6
11,5,-1.9,83.3,1020.4,14.4,49.2,0.5,Cloudy,-3.5
10,1,6.3,65.4,1004.9,27.8,63.3,0.1,Cloudy,9.8
8,14,29.9,31.9,1023.7,24.8,6.1,9.4,Sunny,31.2
6,20,17.8,45.4,1029.8,35.0,0.0,0.0,Sunny,17.8
6,13,26.2,36.8,1022.4,23.3,0.0,9.8,Sunny,27.0
8,4,16.7,74.2,1010.4,20.2,47.2,0.2,Cloudy,18.0
7,5,13.6,55.4,1014.7,0.0,21.7,0.0,Sunny,11.5
10,5,7.9,74.3,994.7,22.6,86.5,0.0,Rainy,8.7
11,21,2.5,76.3,1011.4,17.3,69.5,0.0,Rainy,2.1
12,17,-2.6,100.0,1002.7,8.0,99.6,0.0,Snowy,-1.2
10,13,19.4,69.0,1021.3,17.8,47.2,6.4,Cloudy,18.6
8,9,28.5,50.8,1043.9,48.6,0.0,6.8,Sunny,28.0
2,13,6.6,78.2,1019.0,12.6,37.9,7.2,Sunny,10.1
9,12,22.9,48.3,989.1,35.1,58.5,4.9,Cloudy,25.6
1,2,-5.6,81.5,1008.7,19.4,41.0,0.0,Cloudy,-11.1
8,5,22.6,70.5,1014.5,21.8,62.0,0.0,Rainy,25.2
12,7,-0.4,78.1,1014.0,5.6,50.5,1.8,Cloudy,-0.1
11,11,5.9,82.7,1004.2,17.9,52.4,5.2,Cloudy,5.2
12,12,6.2,86.3,1015.9,9.7,43.6,6.7,Cloudy,4.9
12,10,7.7,68.0,998.1,10.5,56.9,3.8,Cloudy,6.4
4,11,13.9,74.6,1001.7,26.7,69.9,3.8,Rainy,13.1
4,0,15.2,69.8,1020.7,28.8,53.3,0.0,Cloudy,13.7
5,16,22.1,69.1,1000.8,34.8,61.5,3.8,Cloudy,20.2
8,15,30.0,35.2,1019.5,12.8,0.0,8.3,Sunny,28.7
5,10,19.3,43.2,996.6,21.7,52.0,5.5,Cloudy,20.4
8,12,30.2,34.6,1034.2,37.6,0.0,9.3,Sunny,30.8
10,17,9.3,73.2,1003.7,29.8,61.8,2.3,Rainy,10.8
1,10,-1.2,87.4,1010.3,16.5,55.8,4.5,Cloudy,-0.8
12,11,-0.3,81.4,1017.0,19.1,54.3,5.4,Cloudy,-2.1
10,5,8.3,53.5,1006.2,29.3,48.6,0.0,Cloudy,9.7
9,8,23.0,55.2,1014.7,8.2,35.7,4.1,Sunny,21.7
6,15,32.5,56.0,1019.9,18.5,35.0,5.8,Sunny,34.2
3,3,-10.3,100.0,1024.5,38.9,46.3,0.0,Cloudy,-11.9
8,2,26.3,51.7,1022.5,21.8,14.6,0.0,Sunny,25.6
9,15,26.0,51.8,1010.9,4.3,60.0,4.0,Cloudy,25.8
6,23,16.8,63.8,1011.2,8.8,55.7,1.4,Cloudy,18.5
11,11,9.9,79.5,1041.2,38.3,25.8,7.9,Sunny,10.7
7,10,29.7,44.4,1024.4,28.5,32.4,6.0,Sunny,30.2
1,4,-9.9,96.7,1001.9,18.1,92.1,0.0,Snowy,-6.0
5,17,24.0,41.0,1014.2,15.6,40.8,3.5,Cloudy,21.2
5,18,19.6,53.2,1009.0,10.9,19.6,2.5,Sunny,18.2
10,22,7.4,77.1,1011.4,0.0,59.4,0.0,Cloudy,5.9
4,22,6.3,72.5,998.2,32.2,70.1,0.3,Rainy,3.6
6,5,14.2,66.9,1008.1,19.1,79.4,0.0,Cloudy,13.4
7,21,25.0,51.8,1034.7,42.2,17.6,0.0,Sunny,26.8
9,17,25.6,55.0,1019.9,15.0,18.6,4.4,Sunny,25.0
1,5,-4.2,100.0,983.1,41.6,100.0,1.1,Snowy,-4.3
6,3,21.6,53.4,1027.6,32.7,18.0,0.3,Sunny,19.0
7,11,31.5,24.6,1026.1,39.8,4.4,9.6,Sunny,30.6
3,18,5.9,72.7,1008.7,17.3,42.1,2.5,Cloudy,5.5
8,1,21.7,52.9,1021.6,25.7,29.5,0.0,Sunny,23.3
5,16,18.8,38.5,1002.7,21.8,39.0,3.5,Sunny,16.3
9,10,18.4,71.3,1007.4,6.4,62.6,4.3,Rainy,18.1
5,10,18.1,59.2,1031.0,41.3,3.6,7.9,Sunny,20.6
9,20,23.3,53.8,1009.7,23.2,33.8,0.0,Sunny,23.0
10,15,21.6,66.3,990.6,44.6,97.7,1.5,Cloudy,18.3
4,1,8.2,66.5,1012.2,11.5,31.9,0.4,Sunny,11.0
9,1,17.5,64.5,1012.1,17.9,31.9,0.0,Sunny,19.3
5,22,12.5,65.2,1027.4,36.4,23.3,0.0,Sunny,14.5
10,7,11.8,65.4,1013.2,25.2,33.9,1.6,Sunny,9.2
9,12,23.7,41.7,1007.9,26.0,23.5,8.0,Sunny,26.9
3,9,9.9,86.7,1025.5,27.6,43.5,3.3,Cloudy,9.0
4,7,10.0,66.3,1014.4,3.3,21.6,1.9,Sunny,9.6
9,3,11.7,74.5,1004.0,24.0,50.5,0.0,Cloudy,10.9
10,14,20.2,36.0,1026.9,30.7,35.2,6.9,Sunny,22.4
11,0,3.3,91.8,1015.3,20.5,67.7,0.0,Rainy,3.5
6,10,24.5,58.8,1013.0,22.9,29.9,6.7,Sunny,25.8
2,6,-3.4,91.0,1015.1,13.8,66.8,0.0,Snowy,-2.7
7,16,27.0,42.3,1000.2,44.2,57.4,3.2,Cloudy,27.3
2,19,-8.6,100.0,1006.7,5.5,94.4,0.1,Snowy,-9.8
11,23,1.6,100.0,1013.0,15.4,68.0,0.0,Snowy,5.3
2,17,6.6,57.5,1010.7,8.4,58.4,2.5,Cloudy,4.4
11,21,4.5,86.1,1028.3,15.1,6.8,0.0,Sunny,5.7
1,21,-11.4,92.9,1015.6,13.5,45.3,0.0,Cloudy,-10.2
11,11,7.8,73.0,1023.3,12.7,38.2,6.6,Sunny,10.4
11,8,-3.9,88.3,1013.1,10.8,66.6,1.5,Snowy,-0.9
12,4,0.2,80.5,1025.7,27.5,23.6,0.0,Sunny,0.4
11,9,2.2,81.6,1017.8,26.7,53.8,3.8,Cloudy,3.7
3,3,4.2,67.3,1013.2,0.1,37.5,0.0,Sunny,7.9
6,4,22.7,61.2,1012.8,19.5,38.9,0.1,Sunny,23.1
8,9,22.1,33.9,1001.5,26.5,56.3,3.7,Cloudy,20.7
9,10,17.5,64.2,1019.1,27.5,49.4,4.9,Cloudy,17.3
7,20,27.4,40.6,1012.5,9.1,14.2,0.3,Sunny,25.6
4,23,4.4,66.7,1007.0,8.6,39.9,0.0,Sunny,5.5
6,9,26.1,47.9,1026.3,18.2,7.4,5.2,Sunny,28.5
5,7,15.5,46.2,998.0,19.7,54.4,0.4,Cloudy,15.8
8,1,11.2,68.6,1007.9,21.9,45.8,1.0,Cloudy,8.8
1,22,-13.9,91.7,1025.3,38.6,61.3,0.0,Snowy,-11.6
1,7,-2.6,93.6,1016.8,12.0,65.0,1.6,Snowy,-5.3
11,15,8.5,62.9,1012.4,17.7,51.0,4.6,Cloudy,6.3
6,21,20.4,50.0,1016.0,3.4,11.4,0.0,Sunny,20.5
10,4,9.6,73.6,1015.2,16.0,65.8,0.0,Rainy,10.5
12,2,-1.4,79.4,994.8,39.2,40.6,1.2,Cloudy,-0.2
2,11,3.0,79.9,1008.8,5.4,74.7,3.7,Rainy,3.4
5,12,22.8,35.6,1032.4,33.6,9.8,8.8,Sunny,26.5
1,12,5.2,83.5,1005.1,27.2,63.8,3.8,Rainy,5.8
7,9,22.1,69.5,1009.2,0.0,73.4,3.6,Cloudy,24.5
1,3,-6.9,100.0,1006.5,30.5,78.8,0.0,Snowy,-5.0
4,8,14.2,64.6,1012.0,16.1,47.7,3.2,Cloudy,12.4
9,21,20.2,62.6,1006.0,26.1,59.4,0.4,Cloudy,20.4
1,23,-14.0,88.2,1018.8,15.7,100.0,0.0,Snowy,-9.7
4,22,6.0,91.1,1015.4,1.1,80.4,0.3,Rainy,5.5
6,1,14.8,70.5,1022.3,27.4,46.0,0.0,Cloudy,14.1
6,18,27.5,38.9,1000.4,26.5,32.4,1.3,Sunny,28.3
12,0,-3.4,100.0,1008.9,17.2,78.3,0.6,Snowy,-3.7
8,6,27.1,41.8,1010.3,24.0,21.1,0.0,Sunny,26.2
1,16,1.2,78.6,1018.5,24.7,59.1,3.6,Cloudy,0.8
7,2,18.0,62.7,1003.5,38.8,60.3,0.2,Cloudy,21.1
1,19,4.2,68.1,1024.0,26.4,14.3,0.3,Sunny,4.4
7,19,28.7,52.1,1027.2,23.6,16.3,0.0,Sunny,26.8
3,20,10.1,59.3,1001.1,24.7,46.6,0.0,Cloudy,7.8
11,2,0.2,74.3,1007.1,22.4,63.1,0.0,Snowy,4.6
8,2,13.5,55.7,1006.6,27.8,35.7,0.0,Sunny,13.6
3,16,4.9,85.3,1044.6,38.2,12.7,6.1,Sunny,6.1
1,6,-11.2,95.6,1007.8,18.3,85.9,0.6,Snowy,-12.1
8,13,32.6,22.7,1033.1,49.0,0.0,10.6,Sunny,33.6
3,16,15.0,56.5,997.8,28.3,56.5,3.3,Cloudy,18.1
2,17,11.5,67.4,1001.1,33.7,68.0,2.2,Cloudy,10.8
1,12,6.6,63.3,1004.8,25.8,67.2,4.6,Cloudy,7.9
3,19,11.2,56.7,1002.9,31.8,38.3,0.3,Sunny,9.2
2,19,-0.9,100.0,1009.8,9.4,78.7,0.0,Snowy,3.2
2,20,-4.8,83.5,1004.5,15.8,91.0,0.9,Snowy,-3.8
6,17,31.8,34.1,1003.2,24.0,47.2,3.3,Cloudy,31.5
12,3,-4.2,87.7,1026.9,16.4,41.4,0.5,Cloudy,-4.3
1,0,-6.8,90.9,1027.7,27.5,51.2,0.6,Cloudy,-7.2
2,17,5.7,82.7,1024.4,27.7,47.6,3.1,Cloudy,5.3
6,0,20.2,64.2,1019.3,33.8,46.8,0.0,Cloudy,16.3
3,12,15.3,58.9,1014.1,16.6,9.2,9.1,Sunny,15.7
4,19,18.7,44.5,1007.0,24.2,16.8,0.0,Sunny,19.0
1,19,1.7,95.1,1001.6,35.0,98.8,0.2,Snowy,3.1
8,22,24.5,47.3,1017.4,9.5,4.0,0.0,Sunny,24.1
7,9,29.6,57.9,998.9,27.6,67.7,2.9,Cloudy,28.7
7,10,27.2,21.8,1001.1,45.7,27.9,6.9,Sunny,27.6
3,8,8.0,74.9,1026.8,28.0,16.7,3.8,Sunny,5.6
10,8,6.4,94.6,1035.8,48.3,37.2,3.1,Sunny,7.2
10,4,11.0,64.9,1017.7,25.4,41.4,0.0,Cloudy,8.2
3,0,-5.0,90.2,1026.3,16.1,74.9,0.0,Snowy,-2.5
2,16,6.2,78.6,1010.0,18.0,50.1,3.7,Cloudy,7.9
12,21,-5.1,87.0,996.9,32.4,100.0,0.0,Snowy,-6.2
1,1,-5.6,90.3,1020.3,23.5,57.4,0.0,Cloudy,-3.9
7,23,21.6,49.2,1019.8,14.2,14.3,0.4,Sunny,22.3
7,12,24.8,41.5,1013.9,4.1,39.7,6.9,Sunny,23.5
12,8,1.6,95.0,1010.1,11.7,79.3,1.3,Snowy,-1.6
2,3,-8.2,100.0,1024.5,25.1,53.2,0.0,Cloudy,-7.2
7,4,24.3,51.0,1001.2,35.7,57.4,0.0,Cloudy,23.4
8,10,27.1,52.4,1003.7,37.7,41.6,5.4,Cloudy,29.6
1,23,-4.7,89.3,1000.9,37.7,68.3,1.5,Snowy,-4.1
9,18,18.2,50.0,1014.0,20.1,44.9,2.4,Cloudy,17.4
7,20,23.6,43.5,999.9,19.6,46.7,0.0,Cloudy,27.4
3,2,-2.8,89.3,1004.8,18.6,73.6,0.1,Snowy,-1.3
8,11,31.8,26.7,1004.5,23.8,35.6,6.1,Sunny,25.7
7,18,35.7,26.4,1009.9,10.7,27.2,1.5,Sunny,35.3
11,18,4.8,72.7,995.2,38.0,56.2,1.5,Cloudy,2.8
8,12,33.6,55.8,1014.0,19.0,56.8,5.0,Cloudy,32.7
6,6,12.4,38.6,1028.0,34.3,6.4,0.5,Sunny,12.7
9,14,20.2,52.9,1014.6,22.2,31.5,7.7,Sunny,21.4
5,22,12.2,84.0,1031.5,27.0,37.5,0.2,Sunny,13.1
3,6,-3.4,91.3,1029.0,38.7,43.5,0.1,Cloudy,-1.0
3,7,-2.9,96.9,1022.3,17.6,65.3,0.3,Snowy,-1.2
1,4,-5.5,94.3,1013.9,5.5,72.7,0.4,Snowy,-4.0
12,20,-1.0,79.8,1013.3,16.6,66.2,0.0,Snowy,-0.1
8,13,31.4,15.4,1022.2,32.7,17.3,8.3,Sunny,34.3
2,3,-3.2,91.8,1008.3,21.5,84.6,0.5,Snowy,-3.2
3,22,3.1,72.7,990.4,39.3,82.3,0.5,Rainy,3.0
8,9,28.3,34.5,1018.9,21.6,0.0,6.4,Sunny,25.4
8,19,25.4,41.9,999.4,29.4,74.7,0.0,Cloudy,27.8
11,14,6.3,93.1,1001.5,16.8,78.9,2.9,Rainy,6.6
4,17,20.5,78.3,1013.0,2.1,47.7,2.2,Cloudy,26.3
4,19,11.2,70.4,1011.9,12.7,24.9,0.0,Sunny,11.0
5,12,20.5,49.7,996.1,33.0,65.3,3.7,Cloudy,21.1
6,7,21.9,40.4,1015.0,14.5,27.6,2.2,Sunny,23.3
5,8,15.3,66.7,1024.6,31.3,6.5,4.6,Sunny,13.9
7,15,30.1,57.6,999.5,26.5,67.5,3.9,Cloudy,31.3
2,18,4.3,76.1,1028.3,34.8,22.9,1.5,Sunny,4.8
7,15,33.2,15.0,994.3,33.3,78.9,2.2,Cloudy,33.1
10,6,5.4,83.6,1038.4,57.1,11.9,0.0,Sunny,8.0
7,13,29.8,50.1,1008.1,18.6,35.9,7.0,Sunny,28.7
1,13,8.1,57.0,1014.7,32.8,24.2,7.9,Sunny,9.1
7,3,22.2,53.5,990.3,42.1,90.7,0.0,Cloudy,25.3
5,14,33.3,39.6,1012.3,11.2,23.2,8.4,Sunny,32.5
3,2,3.7,78.7,1015.7,8.1,40.1,0.2,Cloudy,3.7
3,4,4.4,70.5,1012.0,1.7,61.5,1.0,Rainy,9.1
4,0,1.3,93.3,1006.2,12.2,54.7,0.6,Cloudy,2.6
12,2,-3.1,85.6,1001.6,18.6,86.3,0.9,Snowy,-3.5
2,14,5.7,61.7,1026.6,31.4,49.5,5.0,Cloudy,7.6
2,23,-6.6,74.4,1013.4,8.2,60.0,0.3,Cloudy,-7.1
1,7,-2.9,100.0,1031.5,35.7,51.8,1.1,Cloudy,-5.2
5,3,17.0,65.7,1006.7,29.8,68.5,0.0,Cloudy,20.0
4,1,8.2,73.6,1007.8,17.6,85.0,0.7,Rainy,6.7
11,23,-2.8,84.7,1022.8,40.4,62.8,0.0,Snowy,2.2
10,23,10.7,63.6,993.5,26.0,80.3,0.0,Cloudy,10.3
2,9,-1.1,75.9,998.4,28.3,88.5,1.5,Snowy,3.2
3,3,0.1,80.6,1026.2,23.5,23.4,0.0,Sunny,-1.9
7,2,18.8,35.6,998.9,36.4,57.7,0.0,Cloudy,21.1
7,1,19.3,48.6,991.2,20.3,51.7,0.0,Cloudy,20.7
12,16,8.1,69.7,1035.4,27.4,9.6,7.0,Sunny,10.1
4,22,4.8,83.8,996.3,31.2,37.5,0.0,Sunny,7.1
5,20,26.8,44.4,1015.2,27.1,33.8,0.8,Sunny,26.4
5,23,7.5,81.7,1013.8,14.8,46.3,0.4,Cloudy,5.6
6,19,23.3,63.6,979.3,41.7,100.0,0.2,Cloudy,23.7
9,22,17.5,69.4,1009.8,6.3,59.2,0.4,Cloudy,18.4
2,12,7.4,78.6,1018.4,31.8,63.8,4.7,Rainy,7.1
5,4,13.4,65.0,1017.3,12.1,22.9,0.6,Sunny,14.4
12,20,-0.4,75.7,1023.8,17.5,52.3,0.3,Cloudy,0.7
3,8,6.6,82.4,1008.4,29.4,96.3,0.1,Rainy,5.5
4,21,9.5,87.5,1021.6,30.3,59.9,0.1,Cloudy,10.7
10,5,13.3,68.4,1004.7,32.1,72.2,0.4,Cloudy,13.3
6,4,22.3,70.7,996.1,24.7,77.5,0.0,Rainy,21.5
12,9,4.9,62.4,997.4,18.5,59.1,3.4,Cloudy,6.8
8,7,18.7,45.4,995.5,34.1,69.5,0.7,Cloudy,17.8
1,6,-5.3,100.0,1025.1,29.2,29.2,0.0,Sunny,-5.6
10,6,7.8,75.9,994.8,36.7,74.2,0.0,Rainy,8.4
8,5,15.9,74.3,1016.3,27.8,20.5,0.0,Sunny,18.8
11,20,6.4,75.2,1009.8,2.0,46.9,0.3,Cloudy,7.3
7,19,25.4,38.2,1011.8,20.4,38.2,0.0,Sunny,26.9
1,2,-5.4,90.9,1029.4,22.9,46.7,0.0,Cloudy,-5.4
2,18,-1.4,71.8,1007.7,25.2,58.9,0.8,Cloudy,-1.0
3,21,10.3,58.2,1020.3,17.0,32.3,0.0,Sunny,10.7
1,14,0.4,94.1,1013.5,6.0,36.9,5.5,Sunny,1.4
9,3,14.1,72.6,1011.2,9.3,48.0,0.2,Cloudy,14.0
8,11,31.5,41.3,1040.6,33.6,0.0,8.7,Sunny,34.4
2,5,-6.6,77.8,995.7,33.1,70.5,0.6,Snowy,-6.8
9,18,25.4,43.3,1028.5,24.4,16.1,1.8,Sunny,22.8
7,3,15.3,49.8,1020.9,27.7,10.1,0.0,Sunny,20.7
9,14,30.8,50.6,1007.2,24.0,34.9,6.6,Sunny,30.7
6,8,24.2,42.9,1032.6,49.0,0.0,4.8,Sunny,27.0
6,4,16.5,49.3,990.8,41.5,63.4,0.0,Cloudy,19.6
11,12,9.0,71.8,1006.7,23.7,43.3,6.1,Cloudy,11.2
4,22,12.2,60.2,998.5,40.6,65.1,0.2,Cloudy,12.4
10,17,13.9,79.0,1017.9,12.9,33.6,3.6,Sunny,14.9
10,4,3.8,71.9,999.6,16.1,72.0,0.0,Rainy,2.0
2,15,4.8,63.8,1018.2,19.8,34.7,6.1,Sunny,8.9
7,18,24.3,27.0,1010.8,3.3,47.4,2.0,Cloudy,23.3
5,13,32.1,36.6,1007.2,38.5,41.7,6.8,Cloudy,32.1
11,15,8.5,66.6,1017.7,29.2,12.0,7.9,Sunny,9.2
6,14,33.5,20.5,1009.8,33.2,0.2,9.4,Sunny,33.8
2,21,-0.8,98.2,999.9,28.2,89.1,0.0,Snowy,-1.5
5,3,9.3,77.8,1046.6,56.7,0.0,0.0,Sunny,12.3
10,6,9.0,71.3,1007.2,15.3,14.1,0.2,Sunny,11.2
4,15,20.9,67.2,986.4,51.0,100.0,1.8,Cloudy,22.0
9,23,14.0,70.6,1002.9,14.4,75.4,1.4,Rainy,13.8
6,21,27.3,35.8,997.8,9.9,55.7,0.5,Cloudy,29.8
2,20,4.0,68.7,1022.9,17.6,24.1,0.0,Sunny,3.6
1,21,0.1,93.0,1016.9,5.0,65.7,0.0,Snowy,3.4
5,20,17.2,63.2,1017.8,29.6,26.5,1.1,Sunny,17.9
9,7,13.1,67.0,1008.6,31.9,56.6,1.2,Cloudy,15.8
6,16,26.9,36.2,1009.6,4.8,16.6,5.7,Sunny,27.2
10,15,18.6,63.2,1008.5,27.7,73.7,2.7,Cloudy,19.2
12,22,-0.9,78.9,1012.0,20.8,33.1,0.8,Sunny,1.8
7,9,18.9,55.7,1023.0,11.5,42.4,4.5,Cloudy,23.3
5,9,20.5,68.7,1017.0,13.7,42.6,3.9,Cloudy,23.8
10,1,6.8,68.1,1019.0,14.6,31.4,0.0,Sunny,8.9
6,8,23.0,34.7,1019.0,25.2,17.8,4.1,Sunny,24.6
5,16,29.4,30.4,1023.6,14.9,16.4,5.7,Sunny,28.9
11,10,9.7,80.4,1016.5,15.4,71.6,3.7,Rainy,10.7
9,9,25.8,48.9,1017.3,11.7,32.4,5.1,Sunny,24.7
6,21,21.7,51.1,1027.3,32.9,1.0,0.0,Sunny,22.9
11,16,13.9,59.0,1005.0,19.8,54.1,3.4,Cloudy,15.2
8,3,24.9,52.5,1002.7,20.0,79.4,0.0,Cloudy,21.8
2,15,10.9,60.1,998.8,27.4,83.7,2.2,Cloudy,11.5
12,19,-2.9,92.5,1015.2,30.9,75.1,0.0,Snowy,-1.7
9,14,24.0,41.7,990.8,35.4,74.5,3.6,Cloudy,24.3
5,20,17.6,49.6,1018.5,10.3,36.9,0.0,Sunny,18.8
7,4,22.8,44.5,1011.7,18.2,50.5,0.3,Cloudy,20.8
10,5,10.5,65.5,1026.6,27.2,18.6,0.0,Sunny,9.6
1,16,-0.2,84.8,1004.9,10.4,51.1,3.4,Cloudy,2.2
10,0,7.1,76.7,1010.6,32.8,58.4,0.0,Cloudy,7.6
5,18,13.9,27.2,1026.5,25.3,0.0,2.5,Sunny,15.0
12,3,-0.2,77.2,1029.6,28.9,13.3,0.0,Sunny,-0.6
10,16,15.1,58.4,1004.8,23.1,42.3,4.5,Cloudy,15.7
2,8,0.1,99.9,1015.2,28.5,100.0,1.2,Snowy,-3.5
12,23,-5.6,82.6,1016.5,2.8,54.6,0.7,Cloudy,-3.6
6,1,22.9,52.3,1017.5,19.6,35.3,0.1,Sunny,26.7
11,7,-7.9,100.0,1009.8,32.5,56.4,0.7,Cloudy,-9.3
1,14,3.9,66.0,1028.4,31.5,0.0,9.2,Sunny,2.7
3,6,1.6,86.6,990.3,29.3,82.3,0.0,Snowy,2.9
5,5,12.9,57.6,1007.9,13.1,69.4,0.8,Cloudy,16.1
4,0,13.7,59.4,1018.4,20.1,38.5,1.0,Sunny,14.2
3,14,7.5,65.8,1018.5,29.2,46.8,6.0,Cloudy,5.7
10,22,12.1,59.6,1029.2,28.8,28.4,0.4,Sunny,12.2
5,6,17.4,86.1,1027.4,35.9,29.8,0.1,Sunny,16.1
11,16,15.2,70.6,1009.6,4.6,75.4,2.6,Rainy,14.5
8,1,15.7,72.5,1028.6,19.2,17.9,0.0,Sunny,15.6
11,8,2.1,86.8,1004.4,18.4,94.7,0.9,Rainy,0.9
4,8,16.4,44.4,1024.2,36.9,20.9,3.4,Sunny,15.5
1,12,4.9,81.6,1034.7,38.6,0.0,10.1,Sunny,5.5
11,5,-5.4,100.0,1027.6,31.8,36.9,0.0,Sunny,-4.5
7,5,19.6,47.1,1014.3,15.7,4.3,1.0,Sunny,17.5
8,19,27.2,53.8,1009.0,25.7,61.1,0.5,Cloudy,28.4
3,19,9.9,77.2,994.7,29.1,81.2,0.1,Rainy,9.7
6,20,21.4,71.4,1016.7,22.0,11.0,0.0,Sunny,23.2
2,2,-17.8,100.0,999.6,21.4,95.7,0.8,Snowy,-15.9
7,16,33.3,24.1,1003.5,39.3,23.1,5.3,Sunny,32.8
8,16,24.4,44.7,998.7,22.7,30.5,5.1,Sunny,26.0
6,11,20.3,68.9,1007.5,11.6,81.7,3.0,Cloudy,19.3
6,15,18.6,38.8,1012.7,16.8,29.3,6.0,Sunny,21.5
5,14,28.3,21.9,1016.3,16.6,6.0,8.9,Sunny,27.3
8,12,29.8,41.1,1005.8,23.3,33.6,6.2,Sunny,31.0
1,22,-5.9,89.4,1025.8,29.2,20.7,0.0,Sunny,-5.7
10,0,12.4,66.5,1010.5,6.3,30.8,0.2,Sunny,11.0
4,16,19.7,64.8,1003.5,36.3,78.8,3.1,Cloudy,21.9
4,2,12.5,60.8,1015.7,22.4,31.4,0.2,Sunny,11.9
3,14,5.4,58.1,1036.6,51.1,5.7,8.5,Sunny,2.9
3,3,-0.9,100.0,1017.0,12.6,33.3,0.0,Sunny,-5.6
4,3,-0.3,75.4,1008.6,20.6,39.6,0.4,Sunny,-1.3
11,17,8.3,61.9,994.7,35.6,80.0,1.3,Cloudy,11.3
1,16,2.2,92.7,1010.4,24.2,74.5,2.8,Rainy,5.0
11,18,10.5,65.4,1015.8,24.7,67.8,1.2,Cloudy,9.7
11,10,8.2,72.1,1008.3,19.1,77.6,3.1,Rainy,8.0
2,19,3.9,83.9,993.0,23.8,85.3,0.0,Rainy,3.6
9,2,15.8,72.1,1002.8,38.5,72.9,0.2,Rainy,13.9
10,7,19.1,53.1,1030.5,37.4,6.2,2.2,Sunny,17.9
2,13,4.4,93.6,1030.2,27.8,70.5,3.8,Rainy,6.7
5,0,10.0,48.6,1002.4,28.0,67.2,0.0,Cloudy,11.4
9,13,25.8,53.9,1021.1,9.6,28.2,6.4,Sunny,26.8
9,1,10.0,61.6,998.9,37.4,67.3,0.0,Cloudy,8.1
8,22,27.1,58.1,1029.9,20.5,37.1,0.8,Sunny,27.7
1,3,-8.9,99.8,1015.9,13.8,74.1,0.4,Snowy,-12.6
1,23,-8.5,91.0,1024.4,27.6,70.0,0.1,Snowy,-6.5
9,18,20.1,61.5,992.4,45.0,41.0,1.2,Cloudy,21.1
11,5,3.6,88.5,1021.1,22.6,56.7,0.5,Cloudy,1.7
8,0,18.3,64.0,1012.9,17.2,37.2,0.0,Sunny,21.7
10,16,14.6,52.8,1023.2,24.0,47.9,4.8,Cloudy,11.9
9,7,24.1,44.0,1024.0,24.9,37.5,1.2,Sunny,25.6
7,18,25.6,46.6,1013.8,13.6,31.9,1.4,Sunny,27.1
3,20,5.1,76.9,1005.8,19.1,87.7,0.0,Rainy,3.4
3,0,2.4,88.9,1022.4,9.7,74.9,0.0,Rainy,2.8
2,4,-11.8,82.6,1012.3,6.7,60.0,0.0,Snowy,-14.3
5,15,26.7,48.3,1002.5,26.5,86.6,2.3,Cloudy,22.1
12,5,-8.6,95.0,1002.0,23.3,82.6,0.0,Snowy,-10.0
12,7,1.6,74.2,995.3,32.0,75.3,0.0,Snowy,1.0
3,12,6.3,68.1,1006.9,16.8,69.8,4.7,Cloudy,8.0
6,15,32.7,33.8,1026.2,21.0,0.0,7.4,Sunny,33.3
2,2,-1.7,51.5,1015.1,10.6,34.2,0.3,Sunny,-1.0
12,18,6.3,68.5,1006.6,17.2,78.6,0.8,Cloudy,5.0
3,11,10.2,60.9,1022.7,23.6,28.4,8.2,Sunny,9.8
5,15,23.9,54.5,1003.0,27.1,27.7,6.8,Sunny,22.7
12,10,0.6,76.1,1014.1,11.9,57.1,4.1,Cloudy,-1.1
11,9,12.4,64.2,1010.8,6.3,37.7,4.2,Sunny,11.9
11,19,3.8,94.8,1022.3,12.0,65.3,0.8,Rainy,4.4
1,3,-11.9,100.0,994.1,55.5,100.0,0.0,Stormy,-12.5
1,11,4.9,86.7,1002.8,15.2,98.0,1.8,Rainy,4.8
10,22,5.8,71.3,993.3,31.4,93.0,0.0,Rainy,7.6
9,1,9.4,76.3,1009.9,19.9,74.5,0.0,Rainy,9.0
7,23,16.0,58.7,1027.5,32.3,9.2,0.2,Sunny,14.1
1,21,-5.5,91.3,1006.9,23.4,85.0,0.1,Snowy,-4.0
12,18,2.5,85.3,1006.9,15.8,98.4,0.7,Rainy,3.5
8,4,19.9,49.2,1023.5,26.5,8.4,0.1,Sunny,21.0
3,7,7.3,89.1,1025.8,27.9,70.1,1.2,Rainy,8.9
8,6,23.2,48.6,1011.9,10.8,27.3,0.0,Sunny,24.6
5,13,24.0,55.1,1021.2,23.8,13.5,8.5,Sunny,24.6
1,23,-7.0,100.0,1000.1,36.0,93.8,0.0,Snowy,-2.2
7,22,25.0,57.8,1029.5,31.7,26.4,0.0,Sunny,23.2
5,2,18.1,43.8,1038.8,42.8,5.6,0.0,Sunny,17.5
6,17,28.9,46.1,1019.3,28.1,8.5,4.2,Sunny,31.1
6,15,28.0,51.4,988.0,49.7,80.0,2.7,Cloudy,28.8
8,22,17.2,68.2,1006.3,32.7,47.5,0.0,Cloudy,19.0
9,18,16.2,49.5,1020.4,6.8,1.3,2.8,Sunny,17.0
2,18,5.5,70.1,1007.9,25.3,42.7,1.3,Cloudy,8.5
9,17,25.6,56.6,1028.3,35.1,5.5,4.5,Sunny,24.2
12,19,3.7,71.8,1020.1,13.4,47.5,0.1,Cloudy,6.7
11,15,10.3,66.6,1004.5,24.2,76.6,2.7,Cloudy,12.9
10,7,16.1,76.6,1013.4,20.9,31.0,1.8,Sunny,14.4
9,0,11.9,66.7,1002.3,18.2,68.1,0.5,Cloudy,13.5
10,16,21.0,46.2,1010.8,18.2,18.0,5.7,Sunny,21.4
10,11,16.1,52.1,1006.3,27.0,55.9,5.1,Cloudy,15.5
7,20,23.6,53.0,1027.1,20.3,6.6,0.0,Sunny,20.7
1,10,3.4,66.6,1038.4,41.3,0.0,9.2,Sunny,2.1
7,4,22.4,48.9,995.8,35.0,72.0,0.0,Cloudy,24.2
10,11,17.7,61.8,989.9,33.3,69.1,3.1,Cloudy,19.6
5,16,24.5,61.2,1010.1,8.5,42.5,4.7,Cloudy,24.6
6,5,19.7,62.1,994.8,32.8,37.5,0.0,Sunny,21.7
10,0,16.4,53.3,1013.6,19.1,50.7,0.0,Cloudy,18.6
7,4,25.5,58.5,1022.0,27.9,39.8,0.0,Sunny,26.3
5,13,27.7,40.5,1030.9,26.6,1.5,10.7,Sunny,26.9
7,4,21.3,40.8,1015.4,20.1,2.0,0.2,Sunny,22.5
9,21,21.5,51.1,1010.7,8.1,57.4,0.3,Cloudy,22.9
3,23,2.8,95.1,989.3,27.6,92.2,0.1,Rainy,4.5
8,0,19.0,58.1,1013.3,9.4,33.4,0.1,Sunny,21.1
2,17,2.9,80.8,1013.9,22.0,89.9,1.9,Rainy,1.0
11,15,10.5,85.7,1020.7,26.4,37.9,5.5,Sunny,10.1
7,8,13.3,50.7,1004.5,22.2,59.4,1.6,Cloudy,10.4
2,18,3.7,66.6,1007.8,14.9,62.9,1.6,Cloudy,5.6
4,21,8.5,56.1,995.3,30.2,71.7,0.2,Cloudy,8.6
7,4,27.2,48.0,985.5,45.9,79.0,0.1,Cloudy,28.4
3,1,-0.7,87.7,999.7,19.4,87.0,0.2,Snowy,-2.9
2,14,1.1,98.7,994.2,31.8,100.0,1.4,Snowy,4.1
11,6,1.8,84.7,1017.0,15.1,52.5,0.0,Cloudy,0.2
10,3,2.0,77.9,1006.8,8.7,86.5,0.0,Rainy,3.9
7,0,22.7,51.0,1006.5,13.0,25.7,0.0,Sunny,23.4
1,12,4.4,79.6,1001.2,29.5,88.8,3.2,Rainy,4.5
8,19,29.5,24.0,974.2,58.6,87.3,0.0,Cloudy,29.5
3,21,0.3,100.0,1031.1,31.2,53.3,1.2,Cloudy,-0.4
12,6,-3.0,94.7,1001.0,19.1,100.0,0.4,Snowy,-0.2
12,14,0.4,86.5,1008.1,30.6,66.6,3.3,Snowy,0.9
2,22,-0.3,91.6,995.5,26.2,62.3,0.0,Snowy,-2.1
3,13,12.9,72.8,1024.7,28.0,32.4,7.2,Sunny,12.7
5,22,18.0,56.6,1014.7,10.2,22.2,0.2,Sunny,18.7
11,18,8.0,66.7,1003.1,24.2,50.6,0.9,Cloudy,10.1
8,21,24.2,54.6,1008.3,21.3,26.7,0.0,Sunny,23.6
10,23,14.2,67.6,1033.1,25.2,9.9,0.0,Sunny,13.7
7,19,26.4,37.3,1012.1,13.0,18.5,0.0,Sunny,27.0
7,23,22.3,65.7,1010.8,24.1,13.6,0.0,Sunny,24.4
12,17,-0.2,88.3,1001.7,39.6,89.2,1.7,Snowy,-2.2
7,9,24.1,56.2,990.3,38.2,100.0,0.3,Cloudy,25.5
8,8,24.5,62.1,1011.1,14.6,55.5,2.7,Cloudy,24.2
1,7,0.9,83.9,1016.9,34.4,49.8,1.8,Cloudy,0.8
4,9,12.5,69.4,1026.2,36.9,28.0,5.0,Sunny,16.6
6,16,28.4,50.5,986.0,39.4,69.5,2.8,Cloudy,28.5
9,1,11.6,60.4,999.5,23.2,63.9,0.6,Cloudy,13.4
2,5,-6.5,95.3,1006.0,28.0,76.6,0.0,Snowy,-4.7
1,4,-6.0,95.3,1013.0,4.0,54.1,0.0,Cloudy,-7.6
10,8,6.0,66.4,1011.3,22.8,74.4,1.5,Cloudy,3.2
12,4,-0.2,100.0,1011.5,16.4,49.9,0.6,Cloudy,1.8
2,17,1.5,68.7,1017.9,22.0,51.5,3.3,Cloudy,0.0
7,19,30.4,26.4,1002.2,23.0,33.2,0.0,Sunny,27.9
3,8,-0.1,98.3,1024.2,20.4,80.5,2.0,Snowy,2.3
10,16,19.9,62.3,1018.2,29.9,40.9,4.8,Cloudy,18.5
2,16,7.8,63.1,1009.2,14.6,44.5,4.9,Cloudy,6.9
11,11,10.8,74.9,1032.2,31.8,19.9,8.0,Sunny,14.8
7,6,19.0,71.1,1031.7,33.8,22.4,0.0,Sunny,16.5
2,2,-5.1,92.4,1024.2,27.0,30.7,0.6,Sunny,-6.9
3,9,1.8,100.0,976.8,47.2,100.0,1.5,Stormy,1.5
11,1,-1.8,70.5,1031.9,30.2,0.0,1.1,Sunny,-1.7
7,2,24.1,55.8,1022.5,18.5,10.9,0.5,Sunny,23.0
4,15,21.0,65.2,1037.1,47.7,10.9,7.6,Sunny,19.4
1,1,-7.7,100.0,1027.8,22.7,52.2,0.0,Cloudy,-4.5
5,23,10.9,66.7,1031.9,20.7,0.0,0.0,Sunny,11.8
12,9,4.0,76.1,1023.5,8.9,35.4,4.0,Sunny,5.6
9,5,14.8,67.2,1029.2,19.7,31.2,0.0,Sunny,15.1
8,21,13.3,73.2,1036.9,51.6,12.9,0.5,Sunny,14.3
12,10,6.0,82.0,1015.6,15.2,44.0,5.2,Cloudy,8.2
9,22,15.9,71.5,994.1,38.7,72.2,0.5,Rainy,14.6
10,6,13.8,54.1,1009.3,20.7,35.3,0.2,Sunny,14.8
9,14,20.6,51.8,1017.7,18.1,19.7,7.6,Sunny,22.4
7,5,9.1,62.0,1013.9,12.5,44.7,0.0,Cloudy,12.3
4,19,14.7,59.1,998.0,38.3,98.4,0.2,Cloudy,18.7
5,8,20.2,64.9,993.4,36.7,63.6,2.3,Cloudy,20.8
1,21,-10.3,100.0,1004.1,33.9,78.6,0.1,Snowy,-7.8
1,19,-4.4,100.0,1022.7,28.6,54.7,0.0,Cloudy,-8.7
3,11,20.3,56.5,1032.0,29.8,0.8,9.1,Sunny,23.6
8,18,25.9,46.7,1024.0,21.2,32.7,2.9,Sunny,25.1
2,19,4.4,79.5,1025.7,21.4,1.1,0.6,Sunny,4.4
4,2,3.4,73.5,1012.0,22.9,45.0,0.0,Cloudy,4.7
2,14,-2.5,88.1,992.1,33.8,100.0,0.4,Snowy,-2.3
5,1,12.5,77.5,1007.5,12.2,58.0,0.0,Cloudy,13.4
9,20,17.9,59.2,1009.9,18.3,33.8,0.4,Sunny,21.3
1,1,-9.4,91.2,1007.0,18.4,79.4,0.0,Snowy,-9.6
5,21,17.0,50.3,1013.7,15.1,47.8,0.5,Cloudy,15.5
9,2,14.1,59.4,1018.3,33.5,36.8,0.0,Sunny,17.8
1,5,-6.8,96.0,1023.2,31.6,39.8,0.0,Sunny,-5.4
9,14,19.9,67.0,1009.7,16.2,58.8,5.1,Cloudy,23.9
8,9,27.6,30.2,990.2,28.1,49.4,3.6,Cloudy,29.7
4,8,4.2,75.5,1007.2,15.0,72.7,1.7,Rainy,2.3
12,0,-13.5,100.0,1013.5,18.3,91.5,0.3,Snowy,-11.9
11,15,13.8,46.0,1027.7,20.2,0.0,8.2,Sunny,12.5
10,5,9.8,62.0,1006.2,37.3,55.3,1.0,Cloudy,10.3
5,8,18.8,50.0,1019.2,19.5,0.0,5.0,Sunny,19.1
5,3,7.6,65.6,1016.5,16.6,77.3,0.3,Cloudy,5.2
11,1,-3.6,92.4,1013.5,7.3,56.8,0.0,Cloudy,-4.6
12,3,-7.0,93.9,1024.2,29.4,60.1,0.4,Snowy,-2.5
6,0,12.5,60.6,1005.1,12.3,53.8,0.0,Cloudy,13.5
7,18,26.0,50.2,1006.1,37.6,33.5,1.9,Sunny,26.2
8,9,28.3,59.8,1012.9,22.7,28.2,4.6,Sunny,32.0
8,20,29.8,56.6,1005.3,29.1,75.0,0.5,Cloudy,29.6
11,14,9.3,51.8,1019.1,8.2,41.4,6.3,Cloudy,9.7
2,21,1.3,88.7,1004.4,23.9,100.0,1.0,Snowy,3.6
9,18,14.3,61.7,1015.7,24.9,40.0,2.8,Sunny,14.1
7,15,34.4,34.9,1011.8,18.2,30.6,6.5,Sunny,33.6
4,20,8.8,67.8,1015.6,7.1,39.6,0.0,Sunny,5.2
4,23,9.0,72.7,1007.5,13.4,54.9,0.0,Cloudy,7.8
11,21,2.5,82.8,1008.9,13.3,48.5,0.5,Cloudy,1.3
8,3,23.6,43.8,1014.2,8.6,30.2,0.1,Sunny,24.4
4,1,2.7,72.0,1015.4,27.1,34.9,0.3,Sunny,2.1
6,12,31.8,32.8,1012.9,0.0,29.6,8.3,Sunny,36.2
5,0,12.7,68.3,1033.5,41.8,19.7,0.0,Sunny,11.3
3,16,9.6,76.6,1001.1,15.9,75.8,2.0,Rainy,12.6
10,12,16.5,68.8,1012.2,5.2,74.5,3.6,Cloudy,17.4
11,3,-4.2,86.3,994.1,18.6,88.2,0.4,Snowy,-2.2
2,6,-3.2,92.6,1017.5,13.0,69.5,0.3,Snowy,-1.3
9,16,23.9,58.7,999.6,40.1,91.9,1.1,Cloudy,20.5
10,8,13.0,77.2,1009.7,18.1,78.7,2.0,Rainy,13.4
9,3,13.5,64.1,1008.5,7.8,68.9,0.0,Cloudy,13.6
1,18,4.2,76.5,1016.4,24.2,43.9,1.1,Cloudy,2.7
10,0,10.5,71.2,1006.4,29.8,63.2,0.0,Rainy,11.8
3,9,2.4,70.0,1005.9,21.4,39.9,4.1,Sunny,5.9
8,3,21.8,50.4,1030.2,49.0,16.9,0.4,Sunny,17.5
6,8,19.4,63.4,1016.4,22.7,43.4,3.1,Cloudy,18.9
5,12,26.5,51.6,1006.3,25.5,46.6,7.0,Cloudy,24.8
5,13,27.3,41.4,1010.0,9.2,48.9,5.8,Cloudy,27.9
6,9,18.0,60.1,1032.7,40.7,0.0,6.6,Sunny,17.9
7,5,22.1,43.6,1010.2,17.1,59.2,0.6,Cloudy,21.5
1,15,1.9,89.2,1004.7,26.1,88.3,2.1,Snowy,3.7
9,5,11.7,66.6,1004.8,16.4,57.9,0.7,Cloudy,15.2
3,16,15.6,58.8,1006.4,20.9,48.8,4.2,Cloudy,20.9
4,9,10.9,65.0,1005.9,14.0,63.4,2.0,Cloudy,10.1
10,17,13.0,64.8,997.6,13.2,91.2,1.7,Cloudy,10.2
1,21,-3.3,85.4,999.5,36.2,81.5,0.5,Snowy,-1.7
11,17,12.0,73.6,1003.0,11.9,68.6,2.5,Rainy,15.4
10,2,5.4,72.9,1020.1,21.4,40.7,0.0,Cloudy,7.4
3,19,11.2,84.1,1008.4,20.2,92.5,0.0,Rainy,14.6
2,20,2.0,96.7,1010.5,17.6,65.9,0.0,Snowy,2.1
2,14,-2.8,80.3,1028.2,28.0,32.9,6.4,Sunny,-3.4
1,14,1.9,82.9,1028.5,32.8,56.7,5.8,Cloudy,2.6
8,3,16.1,54.4,1009.6,19.8,45.3,0.0,Cloudy,16.0
3,8,6.9,71.4,1005.4,27.0,78.4,1.6,Rainy,8.6
3,18,-2.5,100.0,1002.6,38.3,71.9,1.2,Snowy,-0.3
6,23,30.1,36.8,1021.3,23.8,10.2,0.3,Sunny,32.5
8,16,31.4,41.4,1010.5,15.5,55.0,1.9,Cloudy,32.9
9,10,22.6,56.5,1008.4,10.3,36.4,5.4,Sunny,23.5
9,8,23.7,39.4,1003.2,27.2,40.0,2.4,Sunny,25.7
4,9,22.9,42.1,1003.8,28.4,47.1,4.2,Cloudy,19.9
5,17,26.7,32.9,1016.8,15.1,2.4,4.4,Sunny,27.6
2,19,5.2,68.3,997.2,35.3,65.3,0.0,Cloudy,5.8
11,12,10.7,40.4,1024.9,24.0,12.1,7.9,Sunny,11.6
9,7,16.9,65.1,1006.6,25.1,55.9,1.1,Cloudy,17.2
8,6,19.2,76.7,1011.2,21.5,75.6,0.6,Rainy,20.5
3,16,6.9,76.1,997.0,38.4,100.0,1.8,Rainy,6.4
11,20,2.3,67.5,1012.9,13.1,34.6,0.4,Sunny,4.8
12,22,-8.5,91.4,1009.1,8.4,71.5,0.0,Snowy,-7.2
9,14,24.7,43.4,1012.4,7.8,41.4,6.8,Cloudy,25.5
3,19,-0.2,75.1,1030.7,38.0,48.8,0.4,Cloudy,-0.9
9,14,25.8,55.0,1015.1,34.1,46.0,5.7,Cloudy,27.7
2,0,-5.5,100.0,1003.5,20.7,88.7,0.0,Snowy,-4.6
12,13,6.3,64.1,1004.5,25.9,67.6,4.8,Cloudy,5.4
10,4,4.7,85.2,1020.1,16.1,59.0,0.0,Cloudy,5.1
9,10,34.3,48.8,1028.6,22.9,0.0,8.4,Sunny,35.9
8,15,35.4,51.0,1016.4,10.6,33.5,6.0,Sunny,36.9
9,1,8.2,100.0,1021.3,5.3,79.5,0.8,Rainy,9.6
5,7,18.4,48.4,1020.3,31.6,19.8,1.9,Sunny,19.0
11,10,5.6,100.0,1030.0,14.6,46.4,5.0,Cloudy,7.9
11,17,5.2,73.7,989.6,38.0,83.0,2.2,Rainy,7.9
2,2,-11.5,96.3,1021.0,12.2,20.7,0.0,Sunny,-9.7
8,0,20.7,57.3,1024.8,19.1,22.7,0.4,Sunny,20.1
12,10,0.2,79.0,996.9,42.3,83.9,2.4,Snowy,-1.3
6,15,33.8,38.3,1002.4,26.4,35.1,5.3,Sunny,33.3
8,17,32.3,23.3,1002.8,16.5,14.3,4.1,Sunny,36.4
11,15,16.3,58.2,1004.3,17.8,40.6,5.8,Cloudy,17.3
5,22,12.6,79.0,1007.2,12.8,75.4,0.7,Rainy,16.9
10,9,15.5,61.2,1015.9,15.1,68.1,3.6,Cloudy,15.7
2,17,6.6,76.4,1023.4,25.8,58.7,2.2,Cloudy,6.7
6,5,18.0,62.8,1026.0,42.7,4.3,0.0,Sunny,18.4
5,18,18.9,68.3,1002.9,8.7,75.7,0.7,Cloudy,19.2
12,3,0.5,67.7,1002.9,23.9,52.6,0.0,Cloudy,-0.4
12,12,6.0,81.9,1028.8,28.4,24.9,7.8,Sunny,4.4
5,23,17.3,56.4,1020.8,28.9,20.9,0.0,Sunny,18.7
1,13,0.5,85.9,1014.0,16.0,69.2,4.6,Snowy,2.9
2,2,-11.0,100.0,1018.7,23.5,75.9,0.0,Snowy,-6.1
8,9,23.4,38.0,1012.6,15.2,25.6,4.8,Sunny,23.1
3,5,0.3,74.5,1019.3,12.1,41.5,0.0,Cloudy,0.1
10,0,2.5,61.8,1009.0,26.5,56.3,0.6,Cloudy,1.7
3,22,2.0,76.6,1016.2,22.3,57.3,0.0,Cloudy,4.5
8,23,13.1,78.6,994.9,41.1,99.9,0.1,Rainy,15.1
8,13,25.4,45.6,1004.7,32.0,25.1,7.8,Sunny,24.4
2,7,1.0,70.1,1004.9,25.1,61.5,1.7,Snowy,-0.1
8,18,29.5,35.8,1008.5,29.2,15.8,2.4,Sunny,31.8
11,13,9.2,56.3,1001.9,28.4,55.3,5.4,Cloudy,10.4
1,9,-4.5,80.5,1006.6,17.9,62.6,2.9,Snowy,-2.7
6,16,25.2,51.1,994.8,33.8,62.3,2.3,Cloudy,24.1
8,8,22.6,39.3,1019.6,19.7,5.6,4.6,Sunny,19.8
3,5,3.3,91.1,1012.0,9.0,43.0,0.3,Cloudy,2.3
8,10,30.8,38.0,992.5,49.6,25.9,5.7,Sunny,32.6
12,6,-5.1,93.5,1003.0,26.4,78.5,0.0,Snowy,-0.8
1,16,-1.4,84.3,1017.0,17.6,46.5,4.2,Cloudy,-1.7
11,0,0.9,91.4,1006.5,22.9,63.6,0.2,Snowy,5.5
11,21,0.2,92.6,1004.6,45.9,97.2,0.0,Stormy,2.1
9,4,11.7,70.8,1012.1,4.0,38.0,0.0,Sunny,9.7
11,8,10.3,75.2,1017.1,10.2,67.7,1.1,Rainy,11.2
9,17,26.6,43.1,995.8,21.6,80.3,2.2,Cloudy,28.6
5,23,15.4,67.3,1019.6,18.1,8.0,0.0,Sunny,11.5
10,20,6.9,71.3,1003.4,25.5,65.7,0.3,Rainy,8.6
4,1,7.1,74.4,1012.8,8.5,46.4,0.0,Cloudy,9.7
11,10,12.3,63.9,1012.6,8.2,1.7,8.8,Sunny,13.5
6,5,18.4,52.9,1006.7,20.7,24.8,0.0,Sunny,18.8
12,7,3.7,72.5,1000.7,22.7,80.8,0.8,Rainy,3.9
7,3,25.4,51.6,1009.6,18.6,71.6,0.0,Cloudy,25.5
5,17,29.9,53.3,1032.5,44.3,21.6,2.8,Sunny,28.3
11,10,9.2,82.9,996.7,37.0,87.4,2.5,Rainy,8.5
10,4,9.2,58.7,1033.3,43.4,10.3,0.0,Sunny,8.9
9,14,30.7,51.9,1009.9,24.4,66.2,4.1,Cloudy,31.4
3,17,11.0,65.3,1013.4,14.8,77.3,2.2,Cloudy,10.5
7,1,18.2,63.7,1000.0,26.4,55.4,0.4,Cloudy,17.1
10,21,8.7,63.0,1003.7,16.9,28.0,0.0,Sunny,10.5
10,10,16.0,62.5,1007.0,16.1,21.3,6.0,Sunny,17.1
11,12,5.0,80.6,1000.5,22.9,95.1,2.3,Rainy,4.6
5,3,12.6,51.2,1010.5,20.9,38.9,0.7,Sunny,14.0
7,21,28.8,47.8,1008.1,20.6,43.6,0.0,Cloudy,28.5
2,6,-11.9,100.0,1035.2,44.2,9.8,0.0,Sunny,-11.3
4,10,21.1,51.5,999.0,19.5,45.8,4.8,Cloudy,23.4
2,21,2.8,94.4,1014.2,24.9,59.8,0.3,Cloudy,2.2
12,23,-6.2,92.4,1016.0,12.2,63.3,0.6,Snowy,-7.8
7,3,22.4,59.9,1000.2,18.6,55.2,0.0,Cloudy,22.6
2,14,5.9,54.0,1021.2,18.4,9.9,7.8,Sunny,3.9
11,0,4.7,100.0,1008.2,37.6,65.4,1.2,Rainy,4.7
1,22,-1.1,100.0,983.1,44.8,100.0,0.0,Snowy,-1.1
9,2,7.4,71.1,1020.9,18.9,41.5,0.1,Cloudy,3.5
1,13,6.1,56.1,999.6,26.5,68.5,3.9,Cloudy,7.6
8,5,19.1,59.3,1000.4,25.9,46.9,0.2,Cloudy,19.2
2,17,4.4,63.9,1021.3,15.7,0.0,5.1,Sunny,7.1
12,0,-8.2,100.0,1008.8,18.1,68.4,0.1,Snowy,-7.3
8,5,26.9,48.8,1024.0,33.8,4.6,0.9,Sunny,28.7
3,5,4.9,68.2,1027.5,31.9,31.2,0.0,Sunny,7.6
6,20,21.2,64.5,1005.3,12.4,100.0,0.0,Cloudy,21.4
3,15,5.5,84.9,1022.5,20.7,55.6,4.5,Cloudy,6.0
7,4,19.3,65.9,1003.9,18.5,100.0,0.2,Cloudy,16.9
10,16,18.9,56.7,1039.8,44.6,8.0,6.3,Sunny,21.7
9,9,21.5,38.6,1004.7,32.6,30.0,4.3,Sunny,21.8
2,20,4.9,87.4,1025.3,25.6,48.0,0.2,Cloudy,3.6
12,17,7.3,71.4,1023.1,23.4,61.5,2.1,Rainy,9.1
12,6,0.8,70.0,1016.8,30.8,70.7,0.0,Cloudy,-2.7
5,2,14.3,77.1,1005.0,28.7,57.4,0.0,Cloudy,14.0
6,12,23.8,70.3,1011.2,18.8,55.8,4.8,Cloudy,25.9
4,14,17.2,58.8,987.2,58.7,58.5,4.2,Cloudy,16.9
4,19,17.8,79.9,1015.7,19.2,64.3,0.0,Rainy,17.0
4,18,14.8,63.7,1017.2,1.1,61.6,2.0,Cloudy,14.5
2,2,-4.1,87.4,1014.6,20.6,59.3,0.3,Cloudy,-7.2
4,3,4.9,71.3,977.3,42.1,93.4,0.0,Rainy,6.7
11,4,-4.3,100.0,997.8,33.8,98.2,0.0,Snowy,-4.0
1,0,-7.7,88.7,1004.0,9.1,81.8,0.0,Snowy,-7.7
12,3,-4.7,99.4,1016.5,12.5,65.5,0.0,Snowy,-4.7
6,11,25.7,40.8,1016.5,13.3,26.0,7.7,Sunny,26.3
1,23,-7.2,91.2,1011.0,8.3,64.3,0.5,Snowy,-5.5
10,9,9.8,80.6,1020.6,18.4,59.9,3.6,Cloudy,10.2
6,22,25.6,42.8,1000.7,35.0,59.5,0.1,Cloudy,23.7
1,20,-3.2,85.7,1020.3,15.1,34.3,0.7,Sunny,-1.6
6,19,31.5,49.1,1018.7,23.2,10.7,0.0,Sunny,32.9
10,23,13.9,80.2,1017.5,9.7,45.5,0.5,Cloudy,14.7
8,12,29.0,48.0,1010.8,13.1,47.9,5.8,Cloudy,31.4
11,22,-2.0,81.5,1035.0,41.0,26.3,0.0,Sunny,-1.5
2,13,-2.7,83.9,1018.9,11.1,40.2,6.1,Cloudy,-0.2
2,22,-9.0,99.3,1001.4,15.5,90.9,0.0,Snowy,-6.0
12,4,-10.8,100.0,1016.0,19.5,60.6,0.3,Snowy,-9.3
4,3,11.7,57.5,1022.0,31.8,39.9,0.0,Sunny,10.9
11,13,11.3,75.3,1005.9,19.8,68.3,3.8,Rainy,11.5
3,9,8.1,73.7,1026.1,24.0,27.2,5.5,Sunny,10.8
4,16,8.3,55.4,1017.6,18.7,35.4,4.8,Sunny,6.1
12,9,-3.4,80.8,984.9,46.2,100.0,1.6,Stormy,-3.6
7,6,26.5,40.1,1016.6,18.3,14.2,0.3,Sunny,26.4
11,15,11.9,66.4,1008.1,0.0,59.8,3.8,Cloudy,10.9
1,0,-7.8,100.0,1019.4,11.2,59.3,0.0,Cloudy,-5.7
6,16,31.6,40.0,1024.3,18.8,17.4,5.7,Sunny,32.8
3,20,11.5,59.3,1015.3,16.0,28.2,0.0,Sunny,10.8
11,8,4.1,81.0,1033.0,37.5,28.4,3.0,Sunny,5.7
10,5,8.0,69.4,1010.9,19.7,68.4,0.0,Cloudy,8.2
7,18,29.8,43.6,1020.5,23.1,5.2,3.3,Sunny,28.7
10,12,26.8,50.7,1022.7,13.2,1.0,9.6,Sunny,26.0
2,2,-14.5,100.0,1011.8,25.0,52.4,0.6,Cloudy,-13.2
2,6,-0.4,85.3,1022.3,33.4,28.2,0.0,Sunny,1.8
4,21,10.0,86.4,1005.9,10.5,80.1,0.4,Rainy,9.6
1,8,0.3,93.7,1007.9,20.7,52.1,3.1,Cloudy,1.7
3,21,0.8,76.7,997.3,26.1,72.8,0.5,Snowy,4.2
9,4,13.6,86.7,1015.9,16.6,65.6,0.2,Rainy,11.8
7,9,30.4,42.7,1016.9,25.1,30.3,5.6,Sunny,31.5
7,22,35.5,23.5,1027.2,46.0,0.0,0.2,Sunny,37.4
11,16,13.4,81.4,1022.5,29.4,45.6,5.0,Cloudy,13.8
4,11,12.9,86.5,1009.6,18.5,67.3,3.3,Rainy,15.6
2,22,-4.8,91.9,998.9,26.2,82.2,0.2,Snowy,-0.4
4,15,16.0,56.0,1018.2,19.7,28.2,6.4,Sunny,17.1
6,2,10.9,66.9,1026.3,38.9,60.3,0.0,Cloudy,11.0
11,21,2.1,89.0,1022.1,22.5,60.8,0.3,Rainy,4.4
11,8,7.9,85.9,1026.0,20.5,77.8,0.9,Rainy,9.9
3,14,5.9,81.9,1010.5,2.1,53.7,4.8,Cloudy,1.9
1,4,-3.0,90.5,1007.4,22.8,70.5,0.0,Snowy,-2.5
12,22,-1.2,100.0,1004.2,24.6,63.3,0.8,Snowy,-1.4
8,12,26.4,42.3,1012.3,7.6,18.5,8.3,Sunny,27.6
12,13,5.1,87.7,1012.1,21.3,91.3,3.5,Rainy,5.3
5,19,26.9,41.7,1015.5,11.6,17.6,0.4,Sunny,27.3
5,14,27.9,47.4,1011.4,12.8,64.3,4.6,Cloudy,26.9
11,15,10.8,67.6,1011.4,13.8,31.1,5.8,Sunny,12.7
4,22,8.0,72.4,1003.7,20.4,48.8,0.0,Cloudy,11.5
6,12,29.6,36.8,1024.3,27.4,3.7,9.9,Sunny,28.6
3,16,8.1,86.2,1013.9,22.3,58.0,3.4,Cloudy,6.1
9,22,7.6,66.3,1010.9,5.4,63.4,0.0,Cloudy,8.1
5,7,25.6,39.2,1004.0,26.7,47.6,0.7,Cloudy,26.1
3,20,5.6,97.8,997.0,32.6,86.2,0.0,Rainy,8.2
11,1,0.8,93.6,1028.7,32.1,40.0,0.9,Sunny,-0.9
1,4,-7.4,72.3,1019.7,27.0,35.8,1.1,Sunny,-7.9
10,5,4.8,72.1,993.5,35.8,66.0,0.1,Rainy,1.5
12,11,3.4,61.8,1022.2,26.8,16.2,8.2,Sunny,6.3
6,17,22.0,42.5,1024.1,31.0,28.6,3.4,Sunny,22.9
2,21,7.4,42.5,1014.5,9.8,0.1,0.0,Sunny,7.1
3,21,-1.5,85.9,1032.2,37.4,55.6,0.7,Cloudy,-3.4
1,0,-11.3,90.6,1015.6,13.1,54.4,0.9,Cloudy,-13.0
9,16,22.4,51.9,996.0,31.3,50.3,3.4,Cloudy,23.7
8,10,32.3,20.3,1017.4,14.7,18.8,6.9,Sunny,30.8
12,9,1.5,83.6,1015.9,19.3,76.4,2.2,Snowy,2.2
2,18,-2.1,84.0,1005.8,21.3,86.4,0.5,Snowy,2.1
12,13,10.7,84.0,1019.9,23.4,56.0,5.9,Cloudy,10.6
11,9,9.5,84.9,993.0,35.9,100.0,0.4,Rainy,8.2
8,14,32.3,44.4,1024.9,13.4,0.0,9.6,Sunny,33.5
12,18,5.7,73.1,1002.5,24.9,59.2,1.6,Cloudy,4.0
9,3,22.8,70.7,1001.2,26.7,53.5,0.0,Cloudy,26.4
1,1,0.9,68.1,1011.6,15.6,68.1,0.4,Cloudy,4.0
5,8,16.3,46.6,1018.2,13.5,19.1,4.0,Sunny,16.5
8,9,32.2,35.9,1015.0,4.8,34.9,5.3,Sunny,31.1
11,10,9.5,93.2,1004.1,27.7,86.7,1.5,Rainy,9.3
2,13,7.7,71.5,1006.9,17.1,46.2,5.9,Cloudy,7.6
4,6,2.2,79.8,999.4,29.7,67.5,0.0,Rainy,3.4
7,22,22.3,37.1,1010.3,13.0,49.4,0.0,Cloudy,24.7
3,14,7.7,82.8,1025.9,27.4,27.0,6.7,Sunny,6.4
12,21,1.6,92.1,1012.9,8.5,66.4,0.0,Snowy,4.0
5,18,26.3,53.5,1023.3,16.6,10.2,2.7,Sunny,27.9
8,21,14.3,57.3,1030.5,36.7,9.2,0.0,Sunny,13.9
12,14,5.8,69.3,1005.9,15.6,58.4,4.4,Cloudy,4.3
10,23,12.2,53.7,1010.8,16.0,29.2,0.4,Sunny,13.0
3,7,2.7,81.8,1039.1,46.5,3.8,1.5,Sunny,1.3
4,10,17.9,47.3,1030.3,28.1,11.4,6.4,Sunny,20.3
9,8,20.4,42.6,992.9,26.5,47.3,2.6,Cloudy,18.9
7,14,33.4,30.7,1017.6,37.0,2.4,8.4,Sunny,34.9
1,0,-8.3,92.5,1013.0,7.8,50.7,0.0,Cloudy,-7.9
12,0,-10.2,94.9,1022.9,28.9,50.4,0.3,Cloudy,-10.7
4,18,10.5,73.9,1004.1,38.2,79.3,1.2,Rainy,10.8
4,2,8.8,72.5,1002.9,30.4,88.5,0.4,Rainy,11.3
9,9,20.6,51.2,1004.9,19.3,37.1,5.1,Sunny,19.0
6,7,22.0,53.8,1006.1,19.7,80.2,1.4,Cloudy,21.8
9,14,23.3,40.1,1022.8,17.1,0.0,8.3,Sunny,22.5
12,9,0.2,85.7,998.8,36.1,97.5,1.5,Snowy,0.6
6,0,23.1,51.8,1005.5,25.5,36.7,0.0,Sunny,22.4
6,17,27.0,29.4,991.5,33.6,39.7,2.7,Sunny,24.3
5,1,7.8,83.2,1025.1,18.2,28.9,0.3,Sunny,6.4
5,18,25.0,38.7,1028.3,19.7,3.4,1.5,Sunny,28.4
2,12,4.3,79.5,1009.1,24.6,70.3,3.2,Rainy,5.2
8,21,22.7,62.6,1009.4,17.3,59.2,0.3,Cloudy,23.6
8,0,25.4,56.2,1018.4,20.2,17.0,0.2,Sunny,25.3
11,1,-0.9,86.7,1030.7,26.6,19.3,0.1,Sunny,-0.5
1,15,5.0,73.9,1017.9,6.2,30.7,5.7,Sunny,4.7
8,14,25.4,56.4,1004.6,29.7,50.3,5.8,Cloudy,26.9
5,12,23.3,56.8,993.6,35.6,65.7,4.8,Cloudy,24.0
2,15,8.1,66.7,999.6,35.3,52.5,4.7,Cloudy,6.5
2,16,-1.1,78.8,1013.9,10.0,57.9,2.8,Cloudy,-0.2
6,20,24.9,26.9,1005.1,19.5,64.6,0.0,Cloudy,21.0
11,6,2.4,82.9,1015.3,20.5,47.0,0.4,Cloudy,3.6
9,23,14.9,61.8,1006.4,25.8,46.7,0.7,Cloudy,12.9
1,16,7.3,85.3,1000.3,33.6,87.2,1.7,Rainy,7.7
12,6,-1.8,91.3,998.9,26.6,76.7,0.0,Snowy,-3.4
6,12,35.2,45.5,1031.7,39.4,13.8,8.7,Sunny,35.7
9,4,9.8,63.3,1023.7,33.7,17.5,0.1,Sunny,11.4
8,16,29.9,51.6,1033.8,36.1,32.4,4.5,Sunny,33.1
11,2,-0.7,80.7,1019.5,15.7,51.9,0.0,Cloudy,-2.9
6,6,16.8,67.5,1007.8,28.9,45.7,0.6,Cloudy,19.1
3,16,14.0,49.4,1028.9,25.8,1.9,7.4,Sunny,14.8
8,6,30.4,41.7,1012.6,17.5,22.1,0.0,Sunny,30.1
9,20,18.9,36.8,1015.7,14.7,42.3,0.0,Cloudy,20.8
1,0,-5.2,90.1,1012.5,0.0,44.8,0.0,Cloudy,-5.1
12,16,5.4,81.3,977.6,63.5,99.9,1.0,Stormy,7.2
9,16,21.3,47.8,1032.3,13.0,0.0,7.1,Sunny,20.1
6,10,19.8,44.7,1018.9,3.2,22.2,6.7,Sunny,19.2
6,2,15.3,70.5,1017.0,21.0,39.4,0.0,Sunny,17.5
12,14,0.3,83.5,1012.3,17.1,37.2,5.8,Sunny,3.5
4,20,18.8,51.9,1015.0,9.3,27.4,0.4,Sunny,19.3
1,10,0.5,84.6,1005.8,21.8,68.5,3.8,Snowy,-4.0
10,15,16.4,86.7,1020.4,0.6,40.2,6.0,Cloudy,16.6
8,21,26.1,57.3,997.3,36.5,74.0,0.0,Cloudy,26.7
2,8,-4.6,100.0,1015.2,16.7,80.4,2.5,Snowy,-4.5
12,23,-7.4,100.0,1019.7,19.7,58.7,0.0,Cloudy,-6.3
1,23,-6.0,95.6,1010.6,15.0,74.0,0.4,Snowy,-6.3
2,0,-1.2,62.8,1017.5,21.3,4.9,0.0,Sunny,0.8
1,21,-1.5,80.5,1001.1,26.0,67.9,0.0,Snowy,-3.1
1,15,4.8,73.0,1001.4,10.9,83.6,3.3,Rainy,7.5
9,8,19.3,37.3,1015.8,33.0,15.5,4.5,Sunny,22.6
1,18,2.6,69.5,1021.1,31.4,25.4,1.6,Sunny,1.5
4,11,17.0,39.6,990.5,28.7,95.6,1.6,Cloudy,15.9
10,18,10.9,68.3,1019.3,16.8,65.7,1.1,Cloudy,12.1
6,21,22.8,59.1,1006.5,17.9,58.1,0.3,Cloudy,21.1
7,8,21.7,63.5,1010.7,23.4,65.0,2.8,Cloudy,21.3
2,6,-2.8,93.3,996.9,14.0,56.1,0.0,Cloudy,-0.3
6,13,28.0,33.4,1002.8,20.3,26.9,6.9,Sunny,29.8
7,18,39.2,15.0,1024.6,11.8,0.0,2.5,Sunny,43.2
10,18,14.8,45.2,1013.4,10.2,27.5,1.6,Sunny,15.6
10,1,0.6,71.4,1008.4,13.7,49.5,0.0,Cloudy,-0.0
2,8,-0.7,77.1,1011.6,14.3,17.8,4.1,Sunny,-0.1
2,12,7.1,72.7,1018.9,14.2,47.9,5.9,Cloudy,7.4
10,14,24.7,37.8,1018.3,12.3,26.7,7.4,Sunny,24.9
7,2,17.6,61.9,1012.1,18.0,68.7,0.0,Cloudy,18.1
12,10,-3.5,87.9,1026.1,31.4,30.0,6.4,Sunny,-4.6
1,20,1.3,83.2,1024.6,30.4,27.7,0.0,Sunny,2.3
8,13,24.4,59.8,1018.0,16.5,0.0,9.5,Sunny,22.4
11,7,1.7,70.6,1013.7,8.2,44.1,1.4,Cloudy,0.9
3,17,8.2,76.9,1020.9,20.5,55.5,3.4,Cloudy,8.5
11,18,7.7,73.3,1016.8,20.5,36.5,2.1,Sunny,4.2
6,15,32.7,32.7,1025.7,9.9,35.9,6.3,Sunny,34.6
9,1,10.5,78.1,1023.8,28.1,34.7,0.7,Sunny,7.3
6,7,21.5,61.6,1000.8,29.1,63.6,2.9,Cloudy,23.2
9,21,17.4,49.5,1000.0,28.1,33.7,0.0,Sunny,15.6
7,5,22.4,49.6,1004.6,20.9,51.7,0.7,Cloudy,22.1
9,11,23.6,52.4,1024.7,5.5,0.0,9.9,Sunny,25.1
2,14,7.6,70.8,994.1,31.2,88.4,3.0,Rainy,12.1
12,7,1.7,88.3,1017.7,32.0,65.6,2.0,Snowy,2.4
8,3,19.9,58.0,1017.4,17.3,54.4,0.0,Cloudy,16.8
8,14,31.9,55.4,1027.0,26.3,2.6,8.9,Sunny,34.2
2,19,-4.9,77.0,1015.2,14.7,53.1,0.2,Cloudy,-4.8
12,16,5.3,75.9,996.9,34.2,85.7,1.8,Rainy,5.9
4,12,19.1,47.2,1001.5,31.1,57.0,5.4,Cloudy,20.6
11,17,12.2,72.8,998.8,27.2,59.3,3.1,Cloudy,8.7
7,1,17.4,42.7,1006.5,23.1,3.7,0.0,Sunny,17.9
11,12,7.6,77.1,1010.8,28.0,62.5,4.6,Rainy,7.3
4,12,14.9,56.3,999.0,36.8,58.1,5.2,Cloudy,17.6
4,21,12.6,58.8,1030.6,51.9,6.2,0.0,Sunny,14.4
6,14,34.3,19.1,997.1,25.8,48.7,4.6,Cloudy,31.8
10,19,11.9,62.5,1029.2,44.8,18.8,0.0,Sunny,14.7
6,9,29.3,51.9,1027.2,22.7,0.0,7.0,Sunny,30.6
10,2,6.5,75.0,1023.8,27.8,7.4,0.7,Sunny,4.2
3,18,7.5,80.0,1004.7,27.9,51.6,0.8,Cloudy,8.1
9,2,12.2,83.4,1017.1,12.8,88.1,0.0,Rainy,14.5
12,21,1.3,85.7,997.7,31.1,93.8,0.0,Snowy,-0.4
10,13,19.1,50.8,1023.9,32.4,22.0,7.1,Sunny,22.1
11,7,12.6,70.8,1012.1,7.4,48.2,1.2,Cloudy,10.3
2,22,-6.5,89.4,1008.1,31.2,66.2,0.0,Snowy,-7.5
6,3,20.4,49.4,998.3,18.5,74.1,0.7,Cloudy,19.2
12,19,-0.7,70.8,983.3,63.2,86.8,0.0,Snowy,2.3
7,10,25.5,56.0,1000.5,35.0,66.5,4.5,Cloudy,25.1
12,10,2.8,76.9,1026.4,27.3,28.6,6.8,Sunny,1.2
9,10,22.5,53.0,1008.2,14.6,73.5,2.9,Cloudy,23.9
3,1,10.9,58.3,1011.0,10.4,55.0,0.0,Cloudy,12.6
10,16,16.5,64.7,1020.9,20.4,52.2,3.7,Cloudy,18.2
3,8,0.5,76.7,1034.7,37.6,12.4,4.1,Sunny,0.5
7,1,21.3,51.6,1028.9,41.1,28.2,0.2,Sunny,22.3
4,23,-0.5,94.6,1001.3,41.8,79.0,0.0,Snowy,-1.2
8,14,29.8,48.3,989.7,41.6,70.4,4.2,Cloudy,33.3
7,15,31.9,37.0,1041.3,39.2,7.9,7.8,Sunny,34.4
5,3,16.4,42.7,1040.2,40.3,0.0,0.0,Sunny,18.8
7,7,28.3,72.4,1015.3,13.2,50.3,1.0,Cloudy,30.3
3,8,3.0,98.0,997.8,22.1,98.0,0.8,Rainy,4.4
12,4,-5.9,100.0,1024.6,16.4,60.5,0.0,Snowy,-7.7
2,15,2.6,73.6,1011.7,30.3,46.7,5.1,Cloudy,4.2
6,12,24.8,46.7,1011.6,16.0,66.0,4.5,Cloudy,25.5
2,6,-1.9,82.4,1023.7,18.2,22.2,0.1,Sunny,0.9
3,19,1.5,95.5,1017.0,23.3,82.7,0.9,Snowy,3.4
6,16,27.7,46.1,998.8,19.6,71.9,2.6,Cloudy,29.2
5,2,9.0,63.6,1009.1,7.9,78.9,0.5,Cloudy,6.5
8,4,21.1,48.6,1020.9,15.1,0.0,0.1,Sunny,21.5
9,18,29.2,52.4,1019.1,32.6,14.5,2.0,Sunny,28.7
11,11,4.0,94.9,1016.1,13.7,84.1,2.7,Rainy,5.0
3,6,-5.4,100.0,1024.2,5.9,25.0,0.0,Sunny,-5.7
12,8,-0.6,93.5,1008.7,26.9,47.9,2.9,Cloudy,-0.6
10,5,7.8,70.7,1015.1,12.1,39.0,0.0,Sunny,9.1
3,16,11.1,36.0,972.5,45.8,88.8,1.0,Cloudy,10.8
3,15,9.0,74.5,1007.6,15.9,84.1,2.8,Rainy,9.7
6,22,20.3,54.5,1022.2,27.2,21.6,0.4,Sunny,18.1
1,2,-6.5,96.2,1008.3,20.9,65.2,0.4,Snowy,-7.5
7,20,30.2,40.3,1007.4,33.1,41.3,0.1,Cloudy,31.8
12,3,-13.7,92.3,1000.5,20.2,90.4,0.4,Snowy,-15.5
1,9,-1.9,93.5,1025.0,26.8,54.0,4.0,Cloudy,0.8
5,4,14.7,69.3,1019.6,14.3,36.0,0.4,Sunny,16.9
10,20,8.3,79.3,1022.9,11.5,11.3,0.0,Sunny,8.3
8,21,29.5,50.2,992.3,43.9,52.5,0.0,Cloudy,35.4
4,9,11.0,74.5,1011.1,18.0,76.4,2.2,Rainy,13.7
5,11,23.1,46.3,1009.6,18.3,40.2,6.2,Cloudy,21.9
4,9,15.8,60.6,1009.6,19.5,42.7,4.2,Cloudy,17.6
12,12,2.7,81.9,1005.6,15.4,85.2,1.9,Rainy,3.3
12,10,-4.5,92.8,1008.8,8.9,54.3,5.4,Cloudy,-5.4
4,21,8.7,81.9,1023.2,24.5,38.6,0.0,Sunny,7.3
12,15,9.8,76.8,990.0,48.8,90.2,2.1,Stormy,12.1
8,7,21.2,73.9,1034.3,50.5,13.1,2.8,Sunny,20.6
2,7,-5.1,100.0,1018.8,25.3,62.8,0.0,Snowy,-4.7
1,7,0.1,85.6,1012.5,12.8,57.8,1.0,Cloudy,-1.0
3,12,8.9,33.3,1023.9,27.2,0.0,9.7,Sunny,8.0
9,1,11.2,80.6,995.6,33.0,85.3,0.0,Rainy,11.4
4,11,16.8,54.3,1005.0,13.4,30.1,6.9,Sunny,18.0
10,9,16.6,52.0,1011.5,13.9,41.1,5.1,Cloudy,12.5
5,11,32.8,31.9,1029.4,21.0,18.3,8.3,Sunny,33.3
2,10,6.2,71.3,1012.4,11.7,46.5,5.5,Cloudy,5.3
4,14,22.6,57.2,1018.4,31.6,14.3,8.3,Sunny,25.7
2,15,3.6,63.9,1005.9,27.1,53.5,3.9,Cloudy,9.4
2,16,1.0,72.8,1018.8,11.6,29.7,4.0,Sunny,0.8
4,1,6.5,78.8,1033.1,35.6,33.9,0.0,Sunny,3.9
6,17,28.8,48.0,1024.9,19.7,13.5,4.3,Sunny,29.5
7,11,25.9,52.5,1012.0,12.7,63.9,4.4,Cloudy,26.1
10,18,14.3,55.7,1021.1,30.1,44.3,1.4,Cloudy,18.3
3,22,3.6,69.8,1019.9,25.5,36.2,0.0,Sunny,7.1
3,17,10.7,63.9,1019.1,39.2,46.4,3.9,Cloudy,12.7
10,16,19.2,58.6,1026.3,37.6,15.1,5.4,Sunny,18.7
6,5,21.0,68.3,1026.3,29.5,28.4,0.5,Sunny,22.8
12,14,3.8,58.8,1011.5,19.2,38.0,6.4,Sunny,4.8
3,2,-3.1,87.4,1020.7,19.6,61.1,0.0,Snowy,-2.1
2,5,-9.2,85.4,1008.4,8.5,88.2,0.6,Snowy,-11.5
8,2,25.3,30.6,1001.9,35.7,50.0,0.7,Cloudy,27.7
5,0,13.9,73.9,1009.8,24.0,70.4,0.0,Rainy,14.6
1,12,2.3,87.0,1012.1,11.2,76.1,4.0,Rainy,2.6
3,20,1.3,87.6,993.1,38.1,99.5,0.2,Snowy,0.7
10,13,29.5,49.9,1023.3,34.3,2.4,9.7,Sunny,28.6
8,12,25.0,42.7,979.8,58.6,100.0,1.8,Cloudy,26.1
4,3,4.5,73.9,1045.6,39.4,30.0,0.0,Sunny,1.8
7,6,24.7,69.9,1031.0,35.6,18.4,0.0,Sunny,26.6
10,21,12.8,63.3,1009.9,14.4,43.4,0.0,Cloudy,11.5
12,9,5.3,84.5,1013.1,21.0,68.1,3.3,Rainy,2.1
2,6,4.1,78.9,1016.6,24.6,58.0,0.0,Cloudy,7.9
7,20,28.0,24.5,1005.9,31.0,24.7,0.0,Sunny,27.0
5,14,20.8,33.4,1015.3,5.8,1.2,8.9,Sunny,20.0
5,14,24.0,43.3,1011.3,7.8,37.5,4.8,Sunny,26.5
6,3,19.6,66.2,1011.9,22.3,56.3,0.0,Cloudy,23.4
9,22,24.3,56.5,1015.2,9.9,47.2,0.0,Cloudy,22.0
6,22,15.5,70.8,997.2,18.7,78.5,0.0,Rainy,14.3
12,5,0.4,74.5,1013.5,16.8,47.3,1.0,Cloudy,-0.6
8,23,20.6,70.3,1015.0,10.0,61.1,0.3,Rainy,22.8
7,19,30.9,29.0,1014.5,28.2,19.0,0.3,Sunny,34.4
9,4,13.4,67.0,1010.4,17.5,43.8,0.0,Cloudy,12.0
4,19,10.2,69.6,1026.7,29.7,25.5,0.0,Sunny,13.2
2,11,7.1,72.6,1008.8,14.1,31.0,6.7,Sunny,6.3
7,0,23.4,63.3,1015.7,28.0,37.5,0.0,Sunny,24.5
6,7,26.5,38.3,1028.6,33.5,13.8,1.7,Sunny,24.7
1,0,-7.2,82.4,1012.0,9.9,64.2,0.0,Snowy,-7.0
11,4,-2.6,89.1,1015.6,8.7,81.3,0.0,Snowy,-2.3
9,21,11.2,64.2,1011.8,12.8,42.7,0.4,Cloudy,11.1
9,5,18.0,91.7,1027.8,22.0,49.2,0.0,Cloudy,19.2
12,20,1.6,89.4,1009.9,23.9,79.1,0.0,Snowy,0.3
2,2,-10.0,95.9,1028.4,16.0,79.2,0.0,Snowy,-11.1
3,14,8.8,61.2,1011.8,12.4,46.9,6.3,Cloudy,10.1
5,4,11.9,48.3,1002.7,29.3,33.6,0.0,Sunny,14.9
5,23,8.8,61.5,1021.2,24.5,43.5,0.3,Cloudy,9.3
1,13,0.5,85.4,1009.3,10.6,93.2,1.8,Snowy,1.9
8,17,23.8,63.5,1020.4,26.2,28.5,3.2,Sunny,25.7
12,15,4.0,90.2,980.2,44.2,100.0,1.5,Rainy,6.0
8,5,16.9,61.9,1013.1,11.9,61.7,0.9,Cloudy,15.7
4,23,1.2,79.9,1007.5,23.8,79.5,0.7,Snowy,0.4
7,13,39.9,27.9,1000.2,31.0,40.5,6.9,Cloudy,39.1
11,23,5.8,71.2,1006.4,14.6,49.3,0.1,Cloudy,9.7
10,7,7.3,91.2,1006.1,29.8,72.9,1.6,Rainy,8.7
3,6,3.1,78.5,1012.4,13.4,62.7,0.4,Rainy,4.4
6,7,24.2,47.8,996.6,37.6,71.7,0.0,Cloudy,25.4
10,12,22.0,29.9,1016.8,28.8,20.2,7.7,Sunny,20.1
10,5,4.5,76.3,1029.4,40.6,23.1,0.2,Sunny,8.5
12,17,8.5,80.6,1016.4,25.0,59.7,1.4,Cloudy,9.8
9,1,11.0,57.8,1022.7,25.2,38.8,0.0,Sunny,12.8
1,7,-8.9,90.8,1026.1,34.1,49.6,1.1,Cloudy,-11.6
5,10,24.9,55.6,1027.8,31.5,4.1,7.8,Sunny,26.8
4,0,12.0,52.3,1035.4,29.3,0.2,0.0,Sunny,11.8
8,21,32.9,46.2,1007.0,21.6,55.5,0.0,Cloudy,31.0
11,5,-4.0,85.7,1004.4,24.4,52.2,0.4,Cloudy,-5.3
12,15,8.5,68.4,1022.4,28.0,2.4,7.9,Sunny,6.7
1,19,-2.1,76.9,1021.5,21.2,63.7,0.0,Snowy,-3.9
9,11,26.4,49.2,1022.3,17.1,28.2,6.5,Sunny,27.0
6,10,21.2,77.7,1035.7,44.5,29.5,6.7,Sunny,21.0
4,9,8.5,80.1,1013.1,1.7,39.7,4.1,Sunny,9.6
12,2,-9.2,90.2,1018.1,29.8,66.5,0.0,Snowy,-5.7
9,12,24.5,59.6,1001.2,24.3,63.5,4.8,Cloudy,24.8
11,2,-3.6,87.2,1038.6,44.7,0.0,0.0,Sunny,-7.1
5,14,27.6,57.3,1009.0,21.3,67.5,3.8,Cloudy,27.7
5,15,28.9,49.7,1009.3,21.2,42.7,5.4,Cloudy,31.6
12,12,7.5,44.4,1008.8,5.7,31.4,7.2,Sunny,7.8
5,16,30.7,29.0,1005.3,27.9,26.2,6.3,Sunny,33.9
1,2,-6.3,100.0,1004.2,24.9,52.9,0.0,Cloudy,-5.0
1,19,-5.3,94.5,1006.7,14.5,84.5,0.3,Snowy,-8.1
8,10,32.6,25.9,996.6,25.7,46.6,4.1,Cloudy,33.3
12,20,-2.5,82.5,1003.6,20.6,69.0,0.0,Snowy,-1.5
8,18,30.8,19.8,1036.4,29.7,0.0,1.8,Sunny,33.2
12,21,4.6,77.2,1021.8,36.4,20.0,0.0,Sunny,8.4
6,10,29.0,63.7,1024.1,37.2,19.0,7.1,Sunny,31.1
12,15,-0.3,93.5,1027.1,32.6,31.5,6.6,Sunny,1.0
11,20,1.3,100.0,1035.0,36.6,32.8,0.2,Sunny,3.0
4,2,11.3,76.9,991.7,35.9,86.7,0.0,Rainy,11.5
2,21,-2.4,98.8,998.2,35.8,97.8,0.0,Snowy,-4.5
2,5,-4.0,100.0,1003.4,37.6,79.3,0.6,Snowy,-3.5
9,13,27.8,47.0,1007.4,14.2,28.2,8.6,Sunny,29.0
5,23,17.5,56.8,1009.4,7.4,70.5,0.1,Cloudy,15.9
4,17,17.4,69.3,1007.6,30.8,92.7,1.5,Cloudy,20.2
10,16,16.4,75.0,1015.6,0.9,50.7,4.0,Cloudy,18.7
1,3,-9.0,93.8,1013.4,4.4,53.7,0.4,Cloudy,-11.0
7,22,26.4,38.1,1004.3,20.4,61.8,0.0,Cloudy,29.4
3,14,13.2,66.6,986.9,30.8,64.1,4.1,Cloudy,13.2
6,10,26.1,54.2,1001.1,35.2,50.8,4.9,Cloudy,25.2
5,2,17.3,67.0,1006.4,26.8,46.3,0.6,Cloudy,19.8
5,2,12.5,52.0,1010.0,11.0,23.5,0.0,Sunny,12.9
11,15,7.4,93.0,999.4,38.5,81.3,1.6,Rainy,11.3
5,4,10.8,62.4,1007.1,30.7,39.6,0.0,Sunny,9.7
1,20,-5.9,91.2,999.4,27.4,84.4,0.5,Snowy,-8.5
1,9,-1.5,78.3,1011.5,10.2,57.5,2.7,Cloudy,-1.5
3,18,12.9,92.6,1000.1,45.5,74.8,0.3,Stormy,14.9
12,3,-9.1,100.0,1002.8,30.0,79.7,0.1,Snowy,-10.3
10,18,15.8,52.9,997.3,32.9,57.1,1.2,Cloudy,13.9
4,10,12.4,75.1,1011.2,25.1,67.5,3.9,Rainy,13.3
5,1,12.2,74.4,1002.6,26.9,65.5,0.0,Rainy,10.0
2,9,-4.6,90.0,1023.9,21.0,59.1,3.2,Cloudy,-3.6
8,10,26.2,54.0,1017.9,18.5,39.3,6.1,Sunny,26.1
11,19,5.8,68.1,1012.2,21.3,57.5,0.0,Cloudy,7.2
11,15,13.0,60.6,1003.4,7.5,77.6,3.6,Cloudy,11.0
2,18,3.8,59.2,1017.6,15.2,17.8,1.5,Sunny,6.6
9,22,11.2,55.0,1021.3,33.0,18.9,0.4,Sunny,11.4
2,23,-0.0,100.0,1014.7,10.0,93.9,0.0,Snowy,1.8
9,10,22.8,67.2,1032.2,47.5,14.3,6.7,Sunny,25.1
7,13,32.6,36.8,1018.5,29.9,0.0,9.7,Sunny,31.0
8,1,18.3,74.2,1024.0,24.6,32.4,0.3,Sunny,20.4
11,22,-0.1,83.5,1014.6,9.4,58.1,0.0,Cloudy,-2.1
2,4,-4.4,89.2,1021.1,19.4,11.0,0.6,Sunny,-6.4
7,4,22.7,51.5,1003.4,44.8,70.4,0.7,Cloudy,26.7
12,18,-4.1,89.9,1007.5,33.6,60.5,0.6,Snowy,-1.6
6,20,22.0,49.9,1017.2,18.0,33.6,0.0,Sunny,26.2
4,11,15.2,73.6,1017.1,12.1,42.0,5.4,Cloudy,15.1
7,17,31.3,39.6,1019.1,20.2,0.0,4.2,Sunny,32.0
4,3,11.0,75.7,1026.2,29.8,17.1,0.6,Sunny,12.4
2,21,-4.8,100.0,995.9,22.6,81.6,0.3,Snowy,-4.3
10,16,15.2,66.1,1001.3,26.7,80.1,1.9,Cloudy,14.4
12,9,-0.6,76.2,1015.8,25.9,47.0,4.0,Cloudy,-1.7
7,19,24.3,35.0,1004.3,8.0,29.7,0.7,Sunny,25.2
8,5,18.5,58.7,1053.5,67.3,0.0,1.0,Sunny,17.1
2,13,8.8,70.2,1019.2,30.4,57.8,5.3,Cloudy,7.3
5,10,17.8,59.2,1012.1,8.6,64.8,2.5,Cloudy,19.0
1,10,2.7,80.8,1006.8,33.0,83.6,2.6,Rainy,3.0
7,17,23.4,75.7,1007.2,13.4,69.0,2.4,Rainy,25.6
8,22,18.9,43.4,1013.4,16.0,34.2,0.1,Sunny,18.6
6,21,21.3,33.2,1014.3,11.2,3.0,0.4,Sunny,20.7
5,17,29.9,43.4,1007.5,16.1,34.9,3.5,Sunny,31.2
6,23,18.8,53.1,1009.7,11.0,31.8,0.0,Sunny,17.8
2,22,-11.9,100.0,1029.1,36.9,18.4,0.0,Sunny,-12.6
1,10,-7.0,100.0,1029.6,38.7,60.9,3.9,Snowy,-7.6
7,20,26.1,58.6,1016.0,15.1,26.1,0.5,Sunny,26.3
7,11,32.7,20.9,996.9,20.4,56.7,4.5,Cloudy,36.4
10,4,8.3,67.0,1019.5,23.0,50.4,0.2,Cloudy,6.3
11,22,2.7,85.3,1031.7,37.8,40.1,0.2,Cloudy,5.5
10,8,16.6,67.7,1029.4,30.0,31.9,4.2,Sunny,18.5
2,8,-2.3,100.0,1021.8,37.5,47.6,2.8,Cloudy,1.0
2,21,1.9,91.7,1030.1,20.0,66.5,0.0,Snowy,8.0
1,9,-7.0,94.9,1013.6,0.0,66.1,3.3,Snowy,-3.9
10,21,6.8,65.9,1020.5,15.2,39.3,1.1,Sunny,9.0
8,18,19.9,49.5,1004.8,27.5,37.2,2.0,Sunny,18.0
8,0,17.8,52.3,1016.5,7.8,17.4,0.0,Sunny,16.2
1,6,-5.2,99.3,1029.0,23.3,52.8,0.0,Cloudy,-4.0
12,3,-5.5,95.8,1005.9,28.1,80.9,0.0,Snowy,-8.0
11,0,0.1,71.7,1002.7,28.1,53.8,1.0,Cloudy,1.7
8,14,26.4,41.0,1014.2,16.4,5.4,8.8,Sunny,23.1
9,7,16.7,68.7,1010.3,21.5,33.2,1.4,Sunny,19.3
4,11,10.3,73.1,1020.8,17.9,57.5,4.8,Cloudy,10.2
1,21,1.9,87.8,1007.6,15.5,60.4,0.0,Snowy,2.6
1,21,-4.8,96.0,1033.6,43.2,31.2,0.8,Sunny,-5.6
3,17,7.3,90.3,997.5,19.8,100.0,0.3,Rainy,4.4
5,14,31.4,40.3,1028.0,12.9,0.0,9.9,Sunny,34.1
5,16,19.2,52.3,1003.8,19.5,39.5,4.5,Sunny,22.1
9,13,20.3,45.4,991.4,45.3,52.6,6.2,Cloudy,20.2
10,13,13.4,67.4,1015.9,17.5,67.2,5.2,Cloudy,15.1
12,17,3.8,54.8,1009.9,22.5,72.9,1.9,Cloudy,3.6
2,19,3.2,78.4,999.7,11.8,86.1,0.0,Rainy,4.2
2,17,7.1,72.3,992.8,38.7,92.6,1.1,Rainy,8.9
6,15,40.2,15.0,1012.9,17.4,1.9,8.0,Sunny,41.7
9,0,4.8,68.5,1024.7,15.2,59.6,0.0,Cloudy,7.7
1,22,-2.6,96.9,1020.0,27.3,61.3,0.8,Snowy,-1.1
9,10,19.8,57.6,1013.7,11.9,52.1,4.8,Cloudy,20.3
9,14,22.7,52.0,1018.7,43.5,26.2,6.7,Sunny,21.8
9,11,20.8,56.9,1012.7,0.0,36.3,5.5,Sunny,20.4
5,7,13.8,65.2,995.8,43.5,96.3,0.0,Cloudy,15.8
9,21,24.2,61.2,995.9,29.3,76.5,0.4,Cloudy,22.0
11,19,9.9,71.4,1010.6,2.0,75.4,0.0,Rainy,12.4
4,5,7.9,58.6,1011.1,10.1,47.8,0.0,Cloudy,7.8
2,2,-0.7,100.0,1023.2,26.5,42.0,0.2,Cloudy,-1.7
6,23,13.8,68.0,1022.1,31.2,25.2,0.0,Sunny,12.4
4,12,11.9,61.3,1020.3,34.5,33.6,7.4,Sunny,13.6
6,12,20.6,41.6,1009.6,27.4,24.7,7.9,Sunny,21.1
3,1,-3.6,94.3,996.4,24.2,74.3,0.0,Snowy,-0.2
6,4,19.6,54.5,1017.9,27.0,48.7,0.0,Cloudy,17.8
2,16,5.5,92.5,1019.3,22.7,47.1,3.6,Cloudy,4.9
2,5,-3.8,87.2,984.3,41.2,100.0,0.3,Snowy,-3.4
9,1,7.6,65.3,1003.0,22.3,65.2,0.0,Cloudy,6.7
7,3,23.4,58.8,1004.7,16.3,44.8,0.6,Cloudy,23.9
3,21,4.4,87.6,1014.4,14.0,81.0,1.2,Rainy,5.5
11,10,10.9,70.3,1003.4,17.7,46.9,5.3,Cloudy,12.3
1,7,-11.1,100.0,1012.5,4.3,74.6,1.7,Snowy,-7.9
8,11,29.6,40.2,1010.5,18.9,35.6,6.9,Sunny,27.8
6,7,17.8,60.6,1011.1,19.3,44.5,1.2,Cloudy,18.9
7,10,27.4,55.5,1004.4,20.8,32.3,6.1,Sunny,26.7
9,21,19.6,61.9,1005.3,32.1,67.9,1.0,Cloudy,20.9
5,19,20.9,51.9,1000.0,25.5,66.9,0.0,Cloudy,22.2
1,7,-7.0,100.0,1017.6,15.1,53.0,0.8,Cloudy,-8.2
12,7,-1.7,63.8,1019.9,25.5,45.0,0.9,Cloudy,-2.8
10,16,11.1,88.9,1003.8,22.0,81.7,2.0,Rainy,12.5
7,19,32.2,19.7,1031.2,34.6,0.0,0.0,Sunny,32.7
5,19,19.7,49.1,1009.2,0.0,27.2,0.8,Sunny,19.8
3,22,6.5,74.9,1031.4,34.2,41.9,0.1,Cloudy,8.2
12,15,3.6,78.2,1005.3,6.6,70.9,3.9,Rainy,5.4
9,13,22.7,61.0,988.7,31.4,70.7,3.9,Cloudy,22.2
1,10,-2.1,77.5,1017.8,7.1,34.1,5.3,Sunny,-3.1
1,6,-1.5,89.9,1016.0,7.2,50.7,0.0,Cloudy,-3.3
1,15,1.0,77.8,1013.4,8.1,47.2,4.5,Cloudy,1.5
3,12,12.8,68.8,1005.3,17.4,47.0,6.2,Cloudy,10.7
12,14,4.3,77.8,1012.6,17.8,29.0,7.4,Sunny,5.0
6,23,12.0,68.0,1006.9,21.1,73.9,0.3,Cloudy,14.7
10,15,15.5,56.2,1009.4,1.1,59.4,3.4,Cloudy,15.4
11,20,0.3,79.5,1023.1,24.8,21.4,0.0,Sunny,-0.2
3,22,2.1,84.7,1015.2,17.2,58.0,0.0,Cloudy,6.2
8,23,15.1,71.8,1020.3,18.2,25.7,0.2,Sunny,18.3
10,8,15.7,55.5,1010.2,14.9,39.1,3.4,Sunny,14.8
2,2,-6.5,86.0,1008.9,18.4,61.2,0.0,Snowy,-5.7
9,18,21.3,59.2,999.2,34.7,55.8,1.8,Cloudy,22.4
3,19,9.2,70.9,1008.6,4.7,86.3,1.2,Rainy,10.0
5,4,17.7,66.8,973.1,57.9,99.9,0.4,Cloudy,21.4
10,9,13.5,55.7,1005.9,32.6,37.5,4.5,Sunny,14.1
8,16,26.2,27.9,1012.0,24.5,9.5,5.9,Sunny,27.2
2,14,-1.2,81.5,1019.8,26.9,62.6,4.4,Snowy,0.5
6,22,18.4,49.8,1009.8,20.2,14.9,0.0,Sunny,21.0
12,7,-4.1,90.4,1017.2,30.2,45.6,1.6,Cloudy,-2.0
5,14,25.4,40.5,986.8,58.7,89.3,1.8,Cloudy,26.9
10,20,10.6,76.5,1012.3,11.8,58.2,0.0,Cloudy,8.3
9,13,27.5,40.8,992.8,28.4,61.7,4.9,Cloudy,27.2
12,19,-1.0,88.0,998.5,27.2,100.0,0.0,Snowy,1.0
5,6,15.8,62.9,1010.8,39.5,51.1,0.0,Cloudy,16.7
2,20,4.6,80.0,1028.3,17.8,22.4,0.0,Sunny,6.6
5,22,17.4,58.7,1017.5,13.6,30.2,0.1,Sunny,21.3
12,11,3.9,84.3,1013.2,1.0,41.6,5.6,Cloudy,2.3
4,16,14.8,54.9,1012.8,13.3,57.6,3.4,Cloudy,17.3
11,16,7.7,87.5,1004.4,12.7,82.7,2.9,Rainy,7.6
7,9,24.2,46.4,1006.5,19.0,59.1,3.7,Cloudy,26.3
6,18,25.0,34.4,1018.1,2.6,34.6,1.0,Sunny,25.4
2,13,8.7,73.8,996.4,36.9,70.4,3.5,Rainy,13.0
12,10,2.0,73.5,1020.1,30.3,26.6,6.5,Sunny,2.7
11,1,-6.2,100.0,1008.3,14.5,76.2,0.0,Snowy,-6.8
11,17,16.3,82.6,1022.9,22.8,29.9,2.5,Sunny,17.6
5,6,17.3,51.2,1024.5,24.5,21.0,0.3,Sunny,18.4
7,11,24.6,51.4,992.9,37.5,83.1,3.0,Cloudy,27.2
11,1,-2.6,71.3,1006.0,20.1,57.8,0.2,Cloudy,-1.3
7,19,28.0,47.5,1002.7,30.5,50.9,0.1,Cloudy,33.0
5,17,30.1,31.1,991.2,48.0,53.0,2.6,Cloudy,30.4
12,5,-8.8,92.0,1000.6,20.4,95.0,0.0,Snowy,-8.5
9,23,18.7,46.0,1042.3,44.7,0.0,0.3,Sunny,18.1
4,9,19.2,63.6,1020.3,28.0,0.6,7.4,Sunny,19.8
11,19,4.0,89.0,1036.0,28.2,34.9,0.0,Sunny,5.0
3,14,9.9,70.4,1022.9,8.2,49.2,5.0,Cloudy,10.9
4,4,2.7,72.4,1004.1,24.5,70.7,0.0,Rainy,3.3
5,19,19.7,71.3,1008.4,21.5,47.2,0.0,Cloudy,19.1
6,2,18.0,50.5,1020.1,14.7,7.8,0.1,Sunny,16.9
3,4,2.4,59.7,1018.3,13.7,41.3,0.0,Cloudy,2.3
2,7,2.7,85.6,1006.1,14.2,72.4,1.2,Rainy,5.2
4,7,7.5,62.8,994.9,26.8,69.2,1.3,Cloudy,10.4
5,7,9.6,80.5,1052.5,64.9,24.5,1.0,Sunny,9.9
4,11,16.2,57.0,1011.3,4.6,28.2,6.7,Sunny,15.0
11,23,1.9,88.1,1009.1,14.6,94.2,0.0,Snowy,2.3
12,22,-2.1,100.0,1014.4,6.4,68.4,0.0,Snowy,2.1
3,7,2.1,69.7,1010.1,3.9,25.6,2.1,Sunny,4.4
8,10,27.6,37.9,1014.5,20.7,21.6,6.7,Sunny,29.1
10,13,23.9,48.5,1028.4,26.4,25.1,8.5,Sunny,26.1
4,7,12.0,82.4,1011.5,15.3,54.5,1.1,Cloudy,15.2
2,23,-5.9,87.2,999.0,16.7,59.9,0.0,Cloudy,-7.4
2,9,-0.6,79.9,1011.1,8.4,56.4,3.0,Cloudy,-0.8
1,6,-5.7,98.3,1007.4,24.7,64.3,0.4,Snowy,-6.1
4,16,23.7,43.6,1030.1,53.2,12.3,6.0,Sunny,25.3
10,3,5.5,78.3,1027.1,13.1,45.3,0.3,Cloudy,6.3
9,12,24.1,33.3,1014.3,11.9,5.5,9.8,Sunny,26.0
11,3,-2.7,100.0,997.7,33.7,82.4,0.0,Snowy,-3.1
7,4,25.2,33.7,998.3,24.7,57.0,0.0,Cloudy,28.2
12,21,6.2,72.5,1013.2,19.0,37.6,0.0,Sunny,6.5
10,3,8.0,72.7,1017.0,9.9,28.6,0.0,Sunny,9.8
7,17,30.6,58.3,1008.5,18.6,29.8,3.3,Sunny,33.2
7,5,21.9,38.9,1007.2,14.7,41.1,0.5,Cloudy,24.4
8,23,10.3,89.3,1005.9,30.3,77.8,0.6,Rainy,11.5
1,23,-3.3,97.5,1012.7,6.9,58.4,0.0,Cloudy,-1.3
10,22,9.5,74.9,984.4,43.5,95.4,0.0,Rainy,13.2
10,21,12.2,56.9,999.8,35.4,82.6,0.0,Cloudy,13.6
8,1,15.5,67.5,1005.5,12.8,43.9,0.0,Cloudy,14.7
4,22,7.5,66.6,1027.5,29.9,0.0,0.1,Sunny,9.0
4,10,13.4,77.6,1003.2,9.1,75.8,3.4,Rainy,13.8
4,13,21.9,42.5,1015.2,5.9,24.8,8.3,Sunny,18.2
6,4,17.4,57.7,1015.7,18.3,25.7,0.0,Sunny,18.7
7,5,30.1,34.3,1028.6,22.8,10.4,0.0,Sunny,30.8
6,9,27.4,34.0,1028.2,25.8,13.7,6.6,Sunny,30.0
1,7,-8.7,100.0,1012.3,16.8,37.9,1.4,Sunny,-9.5
12,13,5.2,82.6,1007.3,14.2,56.6,5.8,Cloudy,2.9
8,23,17.3,71.2,1005.0,28.1,96.5,0.0,Rainy,18.1
10,2,-2.8,71.4,1010.1,17.2,63.0,0.1,Snowy,-1.6
11,11,15.6,72.2,1007.8,21.7,68.5,3.4,Rainy,16.3
7,15,34.6,58.1,1019.6,29.9,48.3,4.4,Cloudy,35.1
6,22,23.3,45.6,1018.0,20.6,24.6,0.4,Sunny,21.8
6,16,30.0,59.0,1020.1,32.8,42.6,4.7,Cloudy,30.2
5,0,8.3,70.0,1028.1,37.4,37.1,0.0,Sunny,8.1
6,22,19.2,42.5,1035.4,34.6,4.3,0.0,Sunny,21.6
12,9,4.8,74.8,1014.5,24.1,45.3,4.2,Cloudy,6.0
9,22,11.8,77.8,1026.2,29.9,37.2,0.6,Sunny,11.8
10,9,3.4,71.5,1008.8,13.9,47.5,4.9,Cloudy,7.0
9,20,18.1,51.9,1027.2,31.3,15.2,0.0,Sunny,18.1
10,23,7.2,80.1,1025.7,36.2,19.5,0.0,Sunny,8.7
8,1,18.9,56.7,1025.1,30.2,9.7,0.4,Sunny,19.1
10,8,14.9,68.5,1014.1,27.9,42.0,2.9,Cloudy,18.4
9,21,20.0,57.4,1005.0,30.3,38.0,0.5,Sunny,20.7
10,12,18.2,62.4,996.3,36.3,61.2,5.0,Cloudy,18.9
8,15,34.7,28.6,1012.5,4.4,18.3,6.5,Sunny,35.0
8,17,22.3,53.9,1031.4,32.6,16.2,4.1,Sunny,23.1
1,18,3.0,71.2,1009.3,17.0,69.7,1.7,Rainy,5.7
10,11,18.7,69.8,1022.4,28.9,27.7,7.1,Sunny,20.8
11,7,-1.5,80.9,1023.1,29.3,61.5,0.6,Snowy,-1.0
5,16,18.2,69.0,1009.6,17.4,67.5,2.1,Cloudy,21.7
4,14,15.0,60.1,1028.8,31.9,26.0,6.9,Sunny,17.1
2,9,-1.2,88.8,978.1,59.6,100.0,0.9,Stormy,-1.5
8,14,33.1,30.3,998.3,22.7,48.0,6.0,Cloudy,31.2
3,14,8.5,62.0,1002.0,38.7,77.7,2.7,Cloudy,8.3
4,22,5.6,59.2,1003.2,7.4,74.5,0.8,Cloudy,6.8
12,6,-5.6,82.8,1017.0,28.5,71.9,0.0,Snowy,-4.0
7,12,35.7,28.3,1016.5,15.8,15.2,9.8,Sunny,38.6
10,16,17.2,61.2,1017.7,25.7,44.1,5.1,Cloudy,15.8
9,8,18.3,67.7,1020.2,23.5,56.8,2.5,Cloudy,18.0
2,7,-2.1,83.7,1001.6,28.4,66.3,0.2,Snowy,-3.7
3,19,11.7,58.6,998.4,34.0,58.2,0.0,Cloudy,9.8
4,20,9.0,57.1,1017.8,24.2,33.1,0.0,Sunny,8.4
10,17,21.5,57.5,1005.4,18.4,65.1,1.5,Cloudy,22.7
1,12,4.0,92.8,994.2,42.9,100.0,1.8,Rainy,5.9
7,15,31.2,50.9,1024.7,17.3,14.7,6.8,Sunny,29.9
2,8,9.9,77.3,1029.7,32.0,6.4,4.0,Sunny,8.9
5,11,19.0,62.9,1031.7,41.1,19.7,7.7,Sunny,16.3
1,11,0.8,100.0,1015.2,22.7,52.9,4.9,Cloudy,1.7
3,5,-4.2,94.6,1020.5,24.7,32.6,1.0,Sunny,-5.0
12,18,6.7,81.4,1029.4,28.6,13.4,1.9,Sunny,10.2
2,6,3.6,76.3,1005.3,28.4,69.9,0.2,Rainy,4.9
1,2,-1.3,73.4,1026.3,22.6,51.8,0.1,Cloudy,-1.1
7,15,36.7,23.1,1016.3,30.0,11.8,7.6,Sunny,36.0
5,17,22.5,51.2,1024.0,24.5,22.6,4.0,Sunny,20.3
1,15,2.3,82.1,1015.2,2.4,71.9,3.7,Rainy,0.4
6,22,14.4,82.6,1028.6,21.1,11.3,0.1,Sunny,13.8
5,6,24.1,49.6,1015.7,15.6,38.5,0.1,Sunny,23.4
3,3,1.1,95.2,995.2,34.5,93.2,0.0,Snowy,-0.2
12,7,-3.6,86.1,1030.4,48.7,42.6,1.5,Cloudy,-2.5
7,12,36.5,27.1,1001.6,17.3,28.8,7.1,Sunny,37.9
11,12,6.3,62.3,1028.0,30.4,8.8,9.2,Sunny,6.0
10,16,18.8,49.3,1011.9,4.8,38.3,4.6,Sunny,22.8
9,16,23.5,55.0,1027.1,25.0,42.1,4.5,Cloudy,20.9
9,4,16.4,60.5,1026.6,41.8,34.9,0.1,Sunny,17.0
9,5,14.5,72.7,1018.2,9.1,35.5,0.0,Sunny,14.6
2,18,-2.9,91.2,1019.1,24.0,34.6,1.7,Sunny,-3.4
3,12,10.5,65.7,1018.1,21.2,13.2,8.6,Sunny,9.7
7,13,36.0,52.5,988.8,40.8,92.7,2.4,Cloudy,36.5
5,21,17.3,58.1,1014.4,17.9,24.2,0.0,Sunny,17.4
2,3,-2.8,100.0,999.6,18.8,85.2,0.1,Snowy,-3.0
3,6,-2.2,84.3,1015.1,27.7,75.7,0.5,Snowy,-4.0
10,7,10.3,76.6,999.3,43.9,50.0,1.0,Cloudy,7.9
6,12,26.8,54.0,998.8,29.4,81.5,3.5,Cloudy,26.8
7,5,24.7,50.0,1032.3,54.5,2.3,0.0,Sunny,24.5
9,5,14.9,39.1,1025.8,24.2,0.0,1.0,Sunny,15.0
1,23,-3.5,90.4,1013.0,15.3,59.6,0.0,Cloudy,-3.2
11,20,9.4,83.3,1015.2,26.1,44.1,0.3,Cloudy,8.9
7,2,22.8,56.1,1010.0,11.9,50.4,0.0,Cloudy,22.9
8,2,19.2,60.6,1019.8,9.2,22.5,0.0,Sunny,18.2
12,12,1.1,66.2,1004.9,8.8,29.8,7.2,Sunny,4.3
3,21,3.4,72.6,1024.9,42.8,29.7,0.4,Sunny,2.5
4,1,4.1,83.0,1010.0,11.4,42.3,0.0,Cloudy,3.9
10,15,16.4,64.5,1008.0,16.6,55.8,3.3,Cloudy,15.6
6,21,21.1,65.5,1013.3,3.4,27.7,0.0,Sunny,20.2
10,5,3.8,77.8,1005.9,28.1,57.8,0.0,Cloudy,4.4
7,7,16.6,64.1,1016.9,10.5,41.7,1.6,Cloudy,16.9
4,22,6.3,75.7,1006.6,15.8,59.5,0.8,Cloudy,6.0
8,7,23.3,40.1,1018.6,21.1,23.4,2.3,Sunny,23.3
5,5,9.4,48.4,1027.6,21.0,22.2,0.8,Sunny,8.6
1,13,3.9,83.5,1004.4,20.9,54.0,5.2,Cloudy,5.1
4,2,13.6,66.3,1011.4,25.1,47.8,0.0,Cloudy,17.8
3,9,10.6,62.9,1018.5,22.1,0.0,6.1,Sunny,9.6
9,2,19.6,39.4,1007.8,19.3,39.2,0.0,Sunny,20.8
8,11,29.9,46.4,1018.6,20.4,19.6,7.4,Sunny,30.5
1,16,7.9,70.5,1019.7,16.9,24.6,4.6,Sunny,9.6
11,4,-3.1,95.2,1026.0,43.6,51.9,0.7,Cloudy,-1.3
6,19,23.1,69.0,1005.7,14.2,76.8,0.0,Cloudy,24.0
9,8,8.0,51.5,1001.7,27.3,45.9,3.6,Cloudy,8.5
7,20,30.7,31.9,1009.3,17.3,13.7,0.6,Sunny,30.5
4,19,19.7,53.3,1001.4,34.0,57.2,0.2,Cloudy,18.8
1,6,-7.2,100.0,1019.8,29.0,39.8,0.0,Sunny,-6.9
12,21,-2.7,72.7,999.1,28.5,61.9,0.0,Snowy,-4.5
2,3,-8.9,100.0,1041.0,47.9,46.3,0.0,Cloudy,-9.5
12,12,6.6,76.5,1028.6,33.3,31.1,7.7,Sunny,9.1
5,12,28.7,41.0,1013.2,0.0,0.3,9.9,Sunny,29.4
12,9,-5.5,91.3,1023.4,11.8,21.4,4.9,Sunny,-3.4
11,17,10.9,64.3,993.4,30.7,76.9,2.2,Cloudy,14.0
5,16,23.1,60.8,1043.3,43.8,10.1,6.9,Sunny,23.3
8,19,26.1,35.1,1005.9,10.9,10.9,0.0,Sunny,27.0
6,19,27.5,47.2,1011.6,19.7,41.9,0.1,Cloudy,27.5
8,12,28.6,38.3,990.7,38.7,80.2,2.5,Cloudy,27.6
2,16,4.7,70.4,1018.8,17.3,68.8,2.6,Rainy,3.4
3,21,2.6,100.0,999.7,17.9,94.9,0.3,Rainy,4.6
6,3,22.2,55.9,1014.2,13.1,44.9,0.2,Cloudy,23.1
12,0,-3.6,96.6,1006.5,0.0,45.4,0.0,Cloudy,0.2
10,0,7.7,84.8,1000.1,26.2,100.0,0.0,Rainy,9.9
3,14,5.9,61.9,1003.3,24.1,49.2,5.3,Cloudy,5.1
6,12,27.8,60.8,1015.7,17.2,24.5,7.8,Sunny,29.8
6,16,32.9,15.0,997.6,17.9,29.7,5.2,Sunny,32.9
2,23,-4.2,83.6,1004.0,24.6,94.7,0.0,Snowy,-1.5
7,7,27.1,39.8,1021.0,13.2,49.0,1.4,Cloudy,26.7
12,17,11.2,74.0,1044.2,43.0,6.9,4.6,Sunny,9.8
2,12,9.2,73.3,1018.7,24.6,57.7,4.9,Cloudy,8.3
6,22,21.5,51.1,1002.0,41.3,52.9,0.0,Cloudy,20.7
1,13,1.8,82.3,1008.6,17.7,48.6,5.7,Cloudy,0.7
3,7,-6.8,85.4,1013.4,5.9,81.3,0.5,Snowy,-7.3
2,7,-2.4,73.6,1008.8,18.5,48.4,1.4,Cloudy,-0.3
7,14,30.7,46.2,1023.8,32.5,39.1,6.4,Sunny,34.4
4,12,18.8,63.8,1015.6,20.1,60.2,3.9,Cloudy,16.9
8,6,20.5,70.1,1023.9,47.0,41.9,0.3,Cloudy,23.3
6,4,17.6,50.6,1009.2,10.8,68.5,0.0,Cloudy,17.3
12,16,-2.0,95.0,1028.9,33.1,76.1,3.4,Snowy,-0.9
10,15,14.0,61.1,1011.0,26.8,43.1,4.7,Cloudy,11.6
4,22,10.9,80.5,1001.3,37.9,61.7,0.0,Rainy,12.3
5,1,20.1,65.1,1039.1,27.8,0.0,0.0,Sunny,17.0
9,21,17.1,61.5,991.1,38.3,100.0,0.2,Cloudy,18.1
7,17,31.6,34.3,1004.1,34.5,30.7,2.5,Sunny,32.5
10,16,21.0,63.1,1005.5,44.2,72.5,2.2,Cloudy,21.8
9,6,12.8,72.3,1043.1,53.7,0.0,0.3,Sunny,11.9
7,12,32.7,29.2,1034.7,35.1,11.0,8.5,Sunny,34.2
12,17,1.2,70.0,1030.9,25.4,11.6,4.9,Sunny,2.4
1,13,7.3,71.2,1009.0,34.5,37.9,6.6,Sunny,7.4
12,17,4.7,93.1,1042.1,52.8,18.3,3.5,Sunny,6.4
8,12,30.5,50.7,1017.4,10.5,20.9,8.5,Sunny,30.8
4,10,11.9,56.1,1024.7,24.4,30.6,6.9,Sunny,13.3
3,20,7.8,61.6,1015.2,17.1,39.1,0.2,Sunny,8.1
7,20,34.3,46.2,1012.4,17.1,42.7,0.6,Cloudy,35.2
12,15,1.6,71.2,1010.0,8.4,50.0,5.6,Cloudy,3.2
3,22,0.6,89.1,1010.5,10.1,56.2,0.0,Cloudy,0.4
8,16,30.2,33.5,1020.3,7.5,3.7,6.9,Sunny,28.5
6,7,25.7,62.6,1017.4,25.6,67.9,0.3,Cloudy,26.7
5,18,19.8,47.7,1012.6,9.7,37.3,1.9,Sunny,22.4
4,19,2.2,93.1,1031.1,37.5,8.2,0.0,Sunny,3.3
8,14,35.6,33.5,977.4,66.1,69.1,4.6,Cloudy,36.6
8,8,27.2,46.8,1019.1,21.1,25.0,4.3,Sunny,27.6
12,19,-5.5,73.6,1021.6,21.4,66.3,0.3,Snowy,-3.7
1,9,-2.9,67.3,1026.8,30.1,41.9,4.5,Cloudy,-2.7
9,11,29.5,38.5,1012.2,13.4,14.3,8.5,Sunny,29.2
5,20,24.8,50.3,1015.5,25.0,67.7,0.0,Cloudy,27.3
4,22,12.8,54.6,1024.8,28.7,20.0,0.0,Sunny,12.3
6,19,25.0,36.7,1030.9,29.1,17.5,0.7,Sunny,27.1
6,0,19.3,61.7,1009.4,24.7,31.3,0.8,Sunny,21.8
2,19,0.9,89.3,1016.2,25.7,21.7,0.0,Sunny,2.4
8,8,28.6,40.7,1033.1,25.5,0.0,4.8,Sunny,26.9
7,21,20.9,61.4,987.5,54.8,32.4,0.0,Sunny,21.5
1,14,0.8,72.1,1004.7,24.9,94.6,1.2,Snowy,0.9
5,0,17.8,54.7,1030.6,35.4,15.1,0.0,Sunny,17.5
12,11,3.9,95.6,1026.1,35.8,33.4,7.6,Sunny,4.7
6,2,23.6,50.2,1019.3,15.0,32.5,0.0,Sunny,25.5
4,10,12.3,67.8,1007.6,26.1,58.4,5.3,Cloudy,12.0
2,1,-6.1,100.0,1002.4,21.7,95.2,0.6,Snowy,-5.9
4,15,14.1,49.8,1005.9,8.7,63.7,4.1,Cloudy,14.2
1,8,-2.0,95.9,1031.6,26.3,34.9,3.6,Sunny,0.6
7,14,26.1,62.5,1005.5,25.6,41.9,5.6,Cloudy,26.1
2,11,2.2,78.5,1014.2,5.9,65.5,4.1,Rainy,0.4
2,0,-11.1,100.0,1004.0,35.7,95.6,0.7,Snowy,-13.4
9,12,27.0,34.7,1023.1,33.7,10.6,8.7,Sunny,28.1
5,13,27.7,36.6,1006.5,30.4,68.0,4.8,Cloudy,26.8
2,7,-8.6,100.0,1011.8,14.4,65.2,0.4,Snowy,-6.9
11,7,8.8,79.8,992.8,38.3,72.7,0.3,Rainy,6.9
9,11,33.2,46.4,993.6,25.7,67.8,5.0,Cloudy,32.8
9,0,14.0,79.7,1013.1,20.1,45.5,0.0,Cloudy,12.1
1,10,-1.6,86.7,997.1,34.1,92.0,1.7,Snowy,-0.3
11,7,14.7,74.8,1038.3,46.9,2.0,3.0,Sunny,16.4
3,9,1.3,79.7,988.3,55.2,86.9,2.5,Stormy,2.4
4,18,15.1,71.4,1003.4,18.7,92.7,1.0,Rainy,13.6
7,10,29.7,42.5,1013.2,11.2,23.4,6.3,Sunny,28.9
10,6,14.4,67.9,1008.6,19.9,42.1,0.0,Cloudy,15.3
4,10,16.4,64.6,999.8,20.4,82.6,2.7,Cloudy,13.9
2,16,3.1,64.3,1001.5,24.3,46.5,4.4,Cloudy,3.1
7,0,17.0,48.3,1001.1,30.2,41.2,0.0,Cloudy,20.2
6,20,22.8,51.9,1009.6,13.5,50.1,0.1,Cloudy,22.9
3,20,1.0,66.7,1036.4,50.6,25.6,0.1,Sunny,-1.2
6,7,22.8,59.2,1013.9,1.0,58.3,1.9,Cloudy,22.2
11,22,-0.3,94.1,1027.2,38.0,33.4,0.4,Sunny,-0.9
6,23,13.9,67.4,1019.1,24.6,47.0,0.0,Cloudy,18.3
12,5,0.7,72.8,1026.4,23.5,23.9,0.0,Sunny,4.2
5,21,15.5,75.6,979.4,44.9,94.2,0.0,Rainy,17.3
4,17,11.2,88.6,1009.3,0.0,85.6,1.6,Rainy,11.1
10,5,7.1,75.8,1028.7,24.5,21.3,0.5,Sunny,9.7
12,4,-5.0,97.7,1006.1,28.6,82.8,0.1,Snowy,-6.6
1,12,-3.8,92.7,1034.1,36.9,35.5,6.9,Sunny,-1.4
10,18,16.3,65.8,1030.8,42.7,3.3,2.4,Sunny,18.5
6,21,18.4,56.2,1007.4,13.8,62.3,0.1,Cloudy,18.6
2,7,5.2,76.9,1007.0,24.9,71.3,0.7,Rainy,7.7
3,8,7.1,83.4,1000.8,20.9,46.8,2.2,Cloudy,6.8
8,16,27.7,66.9,1005.4,13.3,62.3,2.2,Cloudy,25.9
10,2,3.0,66.5,998.2,28.9,57.1,0.6,Cloudy,5.3
6,18,26.7,43.9,1018.1,12.9,39.5,1.9,Sunny,27.1
3,10,10.5,57.5,995.5,20.6,44.8,5.3,Cloudy,12.0
7,23,21.7,68.4,1020.2,19.2,31.7,0.6,Sunny,25.4
4,16,16.3,54.6,1020.5,21.9,32.4,4.2,Sunny,15.5
9,20,19.2,41.7,993.1,46.1,59.9,0.0,Cloudy,19.5
5,18,19.6,62.0,1031.6,41.8,27.0,2.0,Sunny,22.9
3,1,-2.2,100.0,1019.2,29.2,38.0,0.1,Sunny,-0.5
2,7,-10.0,100.0,1022.0,28.6,81.3,0.0,Snowy,-10.8
11,18,11.9,69.2,1003.9,25.6,70.0,1.2,Cloudy,10.7
2,6,-1.9,92.0,1020.5,11.1,73.6,0.0,Snowy,-2.4
3,16,7.1,88.5,1026.5,29.4,54.8,3.2,Cloudy,6.3
2,5,3.2,71.4,1011.8,18.2,51.6,0.0,Cloudy,4.2
4,18,15.3,60.9,1037.0,52.5,0.0,1.2,Sunny,16.0
2,23,-8.5,93.2,1013.5,18.1,56.0,0.0,Cloudy,-7.5
10,5,11.2,56.5,1026.7,38.4,42.9,0.0,Cloudy,10.2
9,1,14.8,59.5,1016.5,8.0,57.2,0.3,Cloudy,15.2
2,5,-2.8,100.0,1020.0,17.8,50.2,0.0,Cloudy,-6.0
9,22,14.3,69.2,992.9,39.5,36.3,0.3,Sunny,15.1
6,4,20.7,60.3,1017.5,26.6,32.4,0.0,Sunny,23.3
1,18,-0.0,86.5,1004.2,21.4,69.5,0.6,Snowy,-2.1
4,19,15.8,66.6,1002.8,23.5,58.1,0.3,Cloudy,17.1
1,3,-15.4,100.0,1033.9,42.6,46.5,0.0,Cloudy,-16.0
6,21,20.8,50.7,1010.4,6.1,52.4,0.4,Cloudy,22.8
4,16,24.1,50.8,1001.0,39.3,68.5,1.9,Cloudy,24.9
3,10,4.9,80.4,1008.7,10.1,69.4,3.8,Rainy,6.2
3,3,-3.2,93.0,997.4,15.4,61.5,0.0,Snowy,-2.6
9,12,22.4,50.0,1030.2,32.7,4.1,9.2,Sunny,25.3
6,19,20.8,50.0,1004.7,35.6,82.1,0.5,Cloudy,21.9
9,16,15.4,93.5,1019.4,24.3,61.6,3.8,Rainy,14.6
5,8,18.1,67.0,1029.3,37.5,28.0,4.1,Sunny,18.8
2,3,-5.4,97.2,1007.0,19.5,82.4,1.0,Snowy,-5.5
8,22,20.9,51.3,1019.4,18.4,32.6,0.6,Sunny,21.7
5,13,24.2,44.2,1000.6,14.5,13.7,8.4,Sunny,24.0
2,18,3.0,79.1,1042.3,29.1,7.8,2.3,Sunny,2.3
4,2,10.1,72.8,1024.2,27.1,33.5,0.0,Sunny,11.0
9,13,24.0,30.1,1010.7,25.3,43.8,7.3,Cloudy,24.6
4,7,8.2,57.1,1003.7,25.9,54.6,1.9,Cloudy,10.6
12,23,-5.5,86.9,1011.6,18.6,38.2,0.0,Sunny,-5.7
12,0,-3.0,91.6,1008.9,29.6,76.7,0.4,Snowy,-6.1
12,9,7.1,72.0,1036.4,42.8,3.2,5.8,Sunny,6.9
4,17,13.7,79.2,998.3,28.7,59.2,2.5,Cloudy,11.3
2,15,6.1,61.1,1014.6,7.4,27.8,5.9,Sunny,7.3
12,7,-0.3,78.0,1012.8,28.4,63.0,0.3,Snowy,-2.8
6,0,15.0,77.8,1011.6,17.9,75.4,0.4,Rainy,13.7
11,11,9.3,72.3,1011.7,6.0,59.8,5.1,Cloudy,9.2
2,7,-7.5,100.0,1011.6,4.3,81.6,1.0,Snowy,-4.3
12,23,-11.4,100.0,1023.5,34.6,61.4,0.0,Snowy,-12.9
7,15,33.3,28.2,1020.3,12.5,10.3,6.9,Sunny,33.8
3,17,7.7,72.4,1018.0,32.9,53.6,2.0,Cloudy,9.3
3,3,0.0,82.3,976.6,33.6,75.9,0.0,Snowy,3.2
5,5,14.7,43.4,1016.6,27.7,26.7,0.0,Sunny,16.6
3,11,5.3,73.9,993.1,39.7,65.9,4.8,Rainy,7.8
2,8,-0.3,94.3,1020.8,22.3,71.8,2.4,Snowy,1.8
10,14,13.1,70.8,1030.7,31.8,20.8,6.9,Sunny,11.4
9,15,30.4,45.7,1001.9,40.5,49.1,4.5,Cloudy,31.5
2,23,-9.8,95.9,1009.9,21.4,49.3,0.0,Cloudy,-7.8
11,11,8.5,65.7,1005.8,13.4,72.1,2.5,Cloudy,7.2
2,23,-8.5,100.0,1027.8,16.0,57.2,0.3,Cloudy,-9.1
8,22,23.4,44.9,1014.1,14.8,38.1,0.0,Sunny,22.5
9,13,23.5,52.7,1033.7,36.9,0.0,9.9,Sunny,25.4
7,12,29.1,43.0,1018.0,5.8,11.0,9.7,Sunny,29.5
3,1,2.6,95.7,1015.9,15.0,66.0,0.0,Rainy,2.5
9,2,13.1,75.0,1013.8,8.4,40.9,0.0,Cloudy,11.3
3,23,2.8,67.8,1022.8,23.9,39.3,0.3,Sunny,3.2
5,21,13.5,52.8,992.1,42.8,35.9,0.5,Sunny,13.0
9,9,14.9,68.4,1014.0,25.2,39.0,4.6,Sunny,15.9
12,8,0.3,83.9,1012.2,20.3,86.9,1.6,Snowy,-1.3
3,19,5.3,72.5,1021.7,16.7,44.3,0.0,Cloudy,6.1
7,7,27.0,54.7,1010.7,17.7,44.2,1.5,Cloudy,26.7
12,9,1.1,85.2,1000.5,27.5,100.0,1.2,Snowy,-0.6
1,18,1.8,82.8,1013.1,1.4,22.8,1.6,Sunny,-0.1
4,2,-0.5,93.5,1000.0,30.8,72.7,0.0,Snowy,-2.1
4,23,15.3,58.3,989.9,54.6,69.4,0.7,Cloudy,15.4
7,4,20.1,70.5,1021.7,22.7,49.1,1.0,Cloudy,20.9
8,2,20.9,45.7,1019.9,7.6,34.7,0.8,Sunny,21.9
1,15,0.5,90.9,1018.6,19.0,42.2,4.7,Cloudy,1.5
5,16,25.4,61.2,1028.6,21.1,34.4,4.0,Sunny,24.6
7,14,26.8,31.0,1005.0,28.5,27.7,6.6,Sunny,29.2
12,2,-4.3,88.0,995.8,36.8,100.0,0.1,Snowy,-4.6
4,11,14.8,74.2,1012.2,11.6,37.7,5.0,Sunny,16.1
4,8,12.1,78.4,1008.8,14.4,59.3,2.1,Cloudy,12.3
4,20,14.8,61.1,1002.9,22.4,50.6,0.7,Cloudy,16.0
12,11,-0.8,78.9,1012.0,13.2,72.5,4.2,Snowy,-0.7
6,14,27.4,53.5,1005.7,14.6,40.6,5.9,Cloudy,28.6
7,1,22.0,63.8,991.0,27.3,77.1,0.0,Cloudy,22.5
2,22,5.3,65.5,1007.7,27.5,61.4,0.3,Cloudy,7.2
5,17,22.7,38.9,999.4,25.3,55.9,3.0,Cloudy,21.7
4,19,15.9,63.4,1015.8,16.7,53.5,0.0,Cloudy,13.2
3,11,8.8,78.1,1005.1,23.7,69.6,3.8,Rainy,7.6
7,22,30.8,35.9,1026.3,30.6,0.0,0.0,Sunny,33.2
11,3,-7.8,100.0,1032.2,25.7,35.9,0.0,Sunny,-7.6
12,22,-2.7,82.0,1021.2,8.4,45.6,0.0,Cloudy,-2.1
6,15,23.4,28.7,994.4,29.6,51.8,4.5,Cloudy,22.0
7,22,13.0,61.3,1031.1,36.8,13.6,0.0,Sunny,13.6
5,15,26.0,46.7,1031.9,28.9,4.6,8.2,Sunny,24.6
6,0,19.5,53.0,1013.2,9.4,14.0,0.2,Sunny,18.4
5,21,16.3,49.0,1028.9,48.1,20.5,0.3,Sunny,16.1
7,1,19.8,37.2,1006.4,5.2,38.7,0.0,Sunny,21.1
2,2,6.3,70.5,990.6,32.8,97.9,0.0,Rainy,7.8
11,20,4.0,88.0,1003.9,38.1,75.3,0.2,Rainy,5.5
5,19,22.6,63.7,1033.8,36.5,0.0,0.0,Sunny,20.2
6,16,26.7,56.8,995.1,27.8,61.2,2.8,Cloudy,27.2
6,19,26.9,36.6,1013.0,21.4,22.6,0.0,Sunny,27.0
5,21,16.5,48.7,1013.4,12.9,44.6,0.0,Cloudy,14.2
10,20,10.4,74.4,1006.8,16.6,30.3,0.8,Sunny,10.9
7,0,28.1,49.2,1007.7,19.9,43.1,0.0,Cloudy,28.1
10,19,18.3,61.6,1013.9,7.8,49.5,0.0,Cloudy,19.7
8,5,20.4,34.2,1006.3,12.0,24.1,0.3,Sunny,21.1
7,14,22.8,42.2,995.9,31.6,56.2,5.1,Cloudy,22.3
5,13,23.4,49.7,1015.6,7.0,21.5,7.1,Sunny,25.5
1,19,10.4,74.3,1025.9,27.5,21.8,0.3,Sunny,6.9
5,14,24.1,56.6,1023.4,27.4,17.8,9.0,Sunny,24.5
10,13,22.2,53.1,1003.3,30.5,41.1,5.2,Cloudy,19.5
2,20,5.6,79.8,998.0,39.0,88.7,0.0,Rainy,4.5
5,23,15.6,62.4,1009.6,12.8,37.8,0.0,Sunny,17.1
5,4,10.4,76.2,1031.8,38.6,11.6,0.0,Sunny,8.6
2,5,-14.1,100.0,1020.7,25.2,84.9,0.5,Snowy,-16.2
5,16,26.9,45.3,1021.4,24.8,33.4,4.8,Sunny,31.7
4,10,11.7,64.7,1023.7,21.0,1.4,8.8,Sunny,9.8
1,15,4.5,79.1,1018.0,9.8,36.3,6.2,Sunny,8.0
3,11,4.2,83.5,1014.4,17.8,59.9,5.5,Cloudy,4.4
1,14,2.9,83.3,1020.9,7.9,51.2,5.9,Cloudy,2.5
12,22,-3.0,93.3,1006.4,17.7,52.8,0.0,Cloudy,-1.5
11,3,0.3,98.0,996.0,11.9,100.0,0.0,Snowy,3.2
5,17,18.8,59.5,1021.7,11.7,41.0,2.6,Cloudy,17.2
4,20,16.8,53.3,1027.9,22.8,22.3,0.0,Sunny,16.4
7,2,17.6,67.4,999.6,36.9,87.7,0.0,Cloudy,19.6
5,21,10.7,55.2,1022.9,29.3,30.6,0.0,Sunny,11.8
10,7,10.0,59.2,1033.2,31.8,17.9,2.7,Sunny,12.5
4,22,9.1,74.7,1013.0,17.9,75.7,0.0,Rainy,10.6
2,2,-5.5,98.4,1003.2,30.9,100.0,0.0,Snowy,-1.7
4,7,15.9,48.7,1014.5,12.5,19.3,1.6,Sunny,16.7
12,17,3.2,76.4,1006.4,8.9,72.9,2.2,Rainy,4.1
2,9,1.0,77.5,1005.6,19.2,55.4,2.9,Cloudy,2.0
8,19,21.3,48.2,1018.2,17.5,33.5,0.0,Sunny,21.5
3,16,13.5,74.2,993.8,25.2,88.0,2.4,Rainy,15.5
9,7,18.2,64.8,995.7,35.7,50.6,1.5,Cloudy,19.1
4,22,7.3,73.8,1013.2,14.5,49.5,0.0,Cloudy,9.2
6,10,19.5,50.3,1012.7,15.9,39.6,5.5,Sunny,21.7
10,4,12.6,52.6,1017.1,19.2,24.1,0.0,Sunny,13.9
5,12,19.3,70.3,1035.5,44.8,20.2,7.8,Sunny,20.7
10,20,9.6,76.5,1014.3,12.1,63.7,0.0,Rainy,8.3
1,22,-3.6,83.3,1020.2,22.2,47.1,0.1,Cloudy,-4.1
9,4,9.0,78.7,1001.3,22.9,76.0,0.5,Rainy,11.0
1,23,-12.2,100.0,1022.2,18.4,76.9,0.0,Snowy,-9.2
8,12,20.8,50.9,1006.7,30.3,52.2,6.3,Cloudy,17.8
9,5,17.6,62.9,1013.9,0.0,45.7,0.8,Cloudy,17.1
9,4,11.6,60.2,1011.7,20.6,29.7,0.4,Sunny,12.2
1,8,9.7,67.0,1025.4,21.9,38.4,3.8,Sunny,8.6
2,15,1.7,83.7,997.3,24.9,87.1,1.8,Snowy,0.7
12,1,-9.6,94.4,985.6,47.0,100.0,0.0,Stormy,-8.3
1,0,-9.5,100.0,1010.4,3.2,74.5,0.3,Snowy,-6.1
10,7,11.4,86.6,1018.6,12.2,24.9,1.2,Sunny,8.3
2,18,1.0,76.0,1014.8,7.4,24.9,1.8,Sunny,1.2
10,10,17.4,42.2,1027.8,28.0,18.4,7.4,Sunny,18.8
12,11,0.2,64.7,1018.2,11.9,28.8,7.8,Sunny,2.1
8,11,22.8,49.2,1006.2,32.9,51.2,5.2,Cloudy,23.9
5,6,8.8,65.2,985.1,59.9,89.2,0.0,Cloudy,12.5
12,12,-3.8,92.8,1010.2,0.0,66.7,4.6,Snowy,-3.3
11,7,1.4,84.3,1025.3,31.2,39.0,1.1,Sunny,4.2
7,21,23.2,34.1,1008.3,24.5,17.9,0.0,Sunny,22.6
2,8,-2.7,70.8,1013.3,16.8,48.8,2.8,Cloudy,-2.0
8,6,26.1,48.8,1018.1,12.8,17.8,0.0,Sunny,24.4
11,20,9.9,71.5,1000.8,24.7,62.7,0.0,Rainy,12.0
6,23,18.5,52.9,1020.5,15.0,21.0,0.0,Sunny,18.8
8,14,22.9,34.0,1032.6,32.2,0.0,9.0,Sunny,24.1
1,1,-10.1,100.0,1010.9,4.8,86.9,0.0,Snowy,-10.1
1,22,-7.4,100.0,999.5,27.3,88.4,0.0,Snowy,-5.8
12,19,-1.2,89.6,1012.2,0.9,79.3,0.2,Snowy,0.0
7,11,27.5,35.3,986.3,42.4,87.9,3.0,Cloudy,26.2
8,0,16.3,61.0,1017.0,6.9,49.4,0.4,Cloudy,15.1
3,22,0.5,70.7,1018.4,20.2,49.3,0.0,Cloudy,0.9
5,21,14.9,73.2,1033.1,30.7,26.0,0.0,Sunny,16.6
12,7,-0.8,87.1,1010.7,17.1,77.4,1.2,Snowy,3.0
1,4,-5.8,76.0,1017.9,26.5,47.2,0.3,Cloudy,-4.7
7,14,28.4,39.5,1002.7,37.1,57.9,4.9,Cloudy,30.7
5,0,18.9,61.3,1008.7,0.0,58.5,0.9,Cloudy,16.5
8,0,15.0,59.2,994.7,27.3,63.5,0.0,Cloudy,19.1
8,9,19.2,53.4,1010.7,12.4,54.3,3.5,Cloudy,20.8
9,21,19.0,44.3,1009.3,20.1,37.9,0.0,Sunny,19.4
7,9,24.3,54.2,1016.6,3.1,31.0,4.1,Sunny,24.5
11,20,6.3,69.1,1005.5,13.1,52.4,0.3,Cloudy,4.8
1,14,-5.6,71.9,1014.0,14.2,51.3,5.3,Cloudy,-6.6
3,16,15.8,57.6,1009.0,17.5,61.3,3.5,Cloudy,19.7
8,21,25.3,56.9,1009.0,19.8,59.1,0.9,Cloudy,24.0
3,5,-5.2,89.0,1014.0,16.7,66.2,0.0,Snowy,-6.6
8,2,12.2,84.1,1013.5,15.3,67.1,0.0,Rainy,11.4
1,12,9.9,74.5,1022.1,24.5,57.5,5.4,Cloudy,8.2
5,15,21.8,55.6,1011.6,14.2,38.9,5.6,Sunny,22.4
4,7,7.1,73.1,1008.8,22.4,40.7,1.2,Cloudy,9.6
5,14,15.9,60.4,1010.8,0.0,65.1,4.5,Cloudy,15.3
8,16,27.9,40.5,1004.4,34.6,33.3,5.2,Sunny,25.9
10,16,16.3,57.5,1008.7,0.0,36.4,4.1,Sunny,17.3
4,21,13.3,70.3,1037.4,32.6,0.0,0.0,Sunny,13.7
11,12,4.6,68.7,1002.0,23.3,73.1,4.6,Cloudy,6.9
4,16,11.1,57.6,1009.7,21.4,21.0,5.1,Sunny,10.8
3,5,2.6,69.9,1008.4,0.0,44.7,0.0,Cloudy,2.6
7,16,35.2,52.6,1010.0,15.3,50.1,2.6,Cloudy,35.5
3,15,4.5,83.5,1009.0,23.1,75.3,2.3,Rainy,5.2
12,13,10.0,73.0,1016.4,24.0,36.3,7.0,Sunny,9.8
3,12,10.3,58.9,992.5,31.0,70.0,4.7,Cloudy,9.8
11,5,5.1,83.5,1025.4,24.5,26.7,0.0,Sunny,2.3
10,2,5.7,75.3,1020.6,16.2,33.1,0.0,Sunny,5.2
5,13,14.7,65.1,998.1,26.8,71.9,3.8,Cloudy,16.5
5,13,24.2,39.0,985.8,36.4,60.6,5.4,Cloudy,26.2
6,14,34.4,35.1,1001.3,19.0,38.5,5.7,Sunny,34.0
8,7,19.0,52.3,1010.1,19.0,19.0,2.2,Sunny,21.8
10,14,16.4,52.7,1044.0,50.2,7.4,8.4,Sunny,16.9
6,21,21.9,59.5,1019.5,23.8,39.6,0.1,Sunny,20.0
12,12,-6.5,79.4,991.3,39.7,100.0,1.7,Snowy,-9.0
1,16,9.9,75.8,1004.7,27.6,84.8,1.8,Rainy,12.6
8,20,20.5,61.1,1012.4,19.8,31.3,0.2,Sunny,20.3
8,23,21.9,43.3,1016.0,1.7,20.4,0.0,Sunny,20.2
9,2,12.7,57.8,997.2,24.1,35.7,0.0,Sunny,9.1
9,5,19.8,53.1,1011.4,12.1,86.7,0.0,Cloudy,19.6
2,4,-3.7,93.4,1004.4,22.2,76.0,0.0,Snowy,-2.5
2,21,-2.6,87.4,999.8,22.5,96.6,0.1,Snowy,-3.4
3,16,6.6,79.4,1016.1,23.0,32.3,4.3,Sunny,5.2
1,22,-1.8,100.0,1022.3,39.0,71.0,0.0,Snowy,-2.3
4,1,-1.3,81.9,1023.1,25.6,70.0,0.0,Snowy,1.4
4,14,20.6,37.0,1019.9,20.9,14.6,8.2,Sunny,18.6
9,4,9.4,79.1,1007.0,26.0,49.2,0.0,Cloudy,8.8
9,19,25.6,63.5,1021.6,7.4,29.5,0.4,Sunny,28.2
9,5,15.4,65.8,1016.7,16.7,7.1,0.3,Sunny,16.8
10,5,10.3,58.6,1014.6,21.8,38.1,0.0,Sunny,11.2
7,17,30.6,37.9,1005.7,15.7,49.9,2.7,Cloudy,29.9
2,17,-2.9,78.2,1007.0,9.3,63.1,2.5,Snowy,-2.3
10,3,2.8,87.3,1013.9,11.6,55.5,0.0,Cloudy,2.3
5,16,26.9,31.2,1042.3,46.6,0.0,6.3,Sunny,25.8
4,13,18.5,54.3,1016.6,9.1,41.7,5.9,Cloudy,17.0
12,13,10.4,59.4,1005.7,37.6,27.7,8.1,Sunny,12.3
11,12,11.8,68.6,1003.0,20.2,64.3,5.1,Cloudy,12.2
8,6,17.3,55.5,1007.1,9.9,84.2,0.0,Cloudy,18.3
2,11,0.9,85.4,1039.1,42.6,0.5,9.7,Sunny,1.7
6,22,21.5,52.9,1008.2,25.0,42.9,0.0,Cloudy,22.8
5,14,15.7,51.5,1023.9,25.2,48.9,6.2,Cloudy,15.8
12,18,9.6,76.9,1008.5,21.3,77.2,0.8,Rainy,9.2
2,10,4.6,77.5,1016.1,8.8,41.9,5.4,Cloudy,3.7
11,14,15.9,51.3,1022.5,35.3,24.7,7.3,Sunny,13.9
10,11,9.9,92.5,1006.1,24.7,75.0,4.2,Rainy,8.4
1,2,-3.0,94.3,1005.3,29.6,66.3,0.0,Snowy,-3.2
8,16,38.2,26.1,1032.9,38.8,0.0,7.4,Sunny,35.9
2,2,-11.4,100.0,1024.8,32.8,48.1,0.2,Cloudy,-13.4
7,18,32.1,55.3,1022.5,16.4,26.2,2.2,Sunny,34.5
9,19,20.6,52.7,1022.4,19.4,11.5,0.0,Sunny,21.5
9,3,7.0,77.9,1018.5,29.4,27.1,0.0,Sunny,6.7
8,2,20.1,45.0,1037.2,53.5,0.0,0.5,Sunny,24.7
11,15,14.1,62.3,1013.5,3.5,68.6,3.7,Cloudy,11.7
12,11,1.7,80.4,1019.9,22.3,47.1,6.4,Cloudy,4.0
10,7,15.1,64.2,995.6,29.4,66.1,1.0,Cloudy,15.4
9,23,8.1,76.2,1003.1,18.3,79.5,0.0,Rainy,10.0
2,16,-0.9,92.0,998.6,31.6,83.6,2.7,Snowy,-0.2
6,6,21.7,54.9,1028.3,39.5,43.5,1.0,Cloudy,18.8
4,10,15.1,50.2,982.4,52.4,81.1,2.7,Cloudy,15.8
4,17,13.4,55.6,1008.2,15.2,56.6,2.1,Cloudy,14.5
5,0,17.0,54.0,977.1,59.2,80.3,0.4,Cloudy,13.6
12,2,-4.0,88.2,1003.0,21.1,84.2,0.0,Snowy,-0.0
3,3,2.6,91.6,1007.1,22.4,77.1,0.3,Rainy,3.7
1,12,2.7,69.3,1029.6,43.1,22.7,7.9,Sunny,4.4
8,5,22.3,48.0,1017.8,1.1,18.9,0.8,Sunny,20.7
5,13,23.0,60.0,1003.0,30.4,47.4,5.7,Cloudy,24.8
3,4,8.0,70.0,1025.8,15.0,34.0,0.2,Sunny,10.5
10,15,14.5,67.8,1013.2,22.1,56.6,4.1,Cloudy,15.5
7,14,40.4,23.0,1013.5,7.4,13.5,8.2,Sunny,40.9
7,14,32.1,39.4,998.6,19.6,53.5,5.0,Cloudy,31.0
1,3,-13.3,100.0,1001.1,31.8,87.3,0.4,Snowy,-13.2
12,7,3.8,86.0,1003.1,26.8,76.5,1.3,Rainy,3.4
9,15,25.3,31.6,1013.6,4.7,18.3,7.3,Sunny,26.8
2,15,9.1,67.8,1013.9,3.1,46.3,5.0,Cloudy,8.0
5,3,18.1,60.8,1031.5,32.7,55.2,0.1,Cloudy,19.6
5,12,25.5,52.0,1017.6,7.9,34.2,7.6,Sunny,24.5
8,12,27.0,59.5,980.5,42.5,100.0,2.1,Cloudy,27.0
8,1,22.2,47.7,1016.2,16.7,35.3,0.0,Sunny,23.8
7,2,20.0,69.8,995.6,25.2,71.0,0.0,Cloudy,19.2
7,21,27.2,37.6,1001.4,29.3,63.1,0.0,Cloudy,28.9
12,7,-10.3,100.0,1003.3,35.6,80.3,1.1,Snowy,-8.8
11,23,2.5,89.4,1005.0,20.4,90.3,0.0,Rainy,2.6
6,14,27.6,34.5,996.5,32.8,43.9,6.3,Cloudy,30.2
6,10,33.7,37.5,1015.4,31.1,8.2,7.1,Sunny,34.4
11,8,7.5,73.2,996.1,22.8,82.1,1.6,Rainy,10.0
9,6,17.0,65.8,1017.3,26.7,23.1,0.5,Sunny,20.7
6,12,31.3,35.9,1039.8,52.8,0.0,9.2,Sunny,31.3
12,1,-9.9,96.8,997.0,38.0,73.8,1.3,Snowy,-8.3
2,7,4.8,91.5,1009.6,26.4,64.4,1.7,Rainy,4.2
2,6,4.8,76.8,982.7,50.6,77.7,0.0,Stormy,3.5
5,23,16.3,68.8,1009.4,11.7,95.9,0.0,Cloudy,16.5
4,11,22.6,48.8,1020.7,30.0,0.0,9.3,Sunny,20.7
11,18,5.7,93.1,1021.6,31.4,52.3,1.4,Cloudy,4.5
2,6,-6.3,87.7,1013.9,22.0,77.1,0.2,Snowy,-4.7
3,9,6.7,68.8,1023.7,25.2,47.7,4.7,Cloudy,6.3
7,15,33.5,49.9,1043.6,42.9,1.9,7.9,Sunny,35.3
8,2,16.5,55.7,1033.5,38.2,3.4,0.3,Sunny,17.6
12,9,3.6,95.6,1006.7,27.1,96.6,0.6,Rainy,7.4
6,5,21.1,62.3,995.6,41.1,83.4,0.0,Cloudy,22.6
11,17,5.2,75.6,1008.1,14.4,63.4,2.4,Rainy,7.8
5,17,25.3,28.9,1001.6,28.2,40.9,3.4,Cloudy,26.5
1,4,-3.7,90.4,1018.4,8.0,50.6,0.0,Cloudy,-2.7
8,20,24.8,48.8,998.8,36.9,41.8,0.0,Cloudy,27.4
3,6,6.6,86.8,1012.1,6.8,80.6,0.7,Rainy,8.3
6,1,13.5,80.7,1023.1,30.3,61.1,0.6,Rainy,14.3
3,10,9.9,63.3,1011.8,4.3,32.9,6.1,Sunny,10.7
7,12,26.5,53.2,1001.6,33.9,52.0,4.5,Cloudy,28.0
7,22,18.5,64.8,1027.1,31.5,22.1,1.3,Sunny,17.8
12,4,-7.8,100.0,990.5,32.8,100.0,0.0,Snowy,-8.6
9,5,11.0,73.5,1009.1,22.3,58.3,0.0,Cloudy,14.1
5,23,12.6,46.7,1012.5,7.9,47.7,0.0,Cloudy,16.4
8,13,29.1,39.9,1013.2,18.2,16.4,8.8,Sunny,27.9
10,11,19.6,44.1,1015.2,12.4,14.9,8.4,Sunny,18.9
10,3,4.9,75.6,1020.3,7.0,60.5,0.5,Rainy,7.5
8,22,14.8,72.6,1012.6,4.7,44.5,0.0,Cloudy,16.2
1,5,-1.7,90.6,1008.6,13.9,51.1,0.0,Cloudy,0.0
12,9,-1.9,99.4,1008.1,28.8,69.6,3.8,Snowy,0.2
5,17,23.0,53.9,1005.7,28.0,43.8,3.1,Cloudy,23.1
3,14,12.8,52.8,1022.5,36.3,46.1,5.7,Cloudy,13.9
1,7,-2.8,63.9,1005.2,34.5,70.3,0.5,Cloudy,-1.8
4,8,16.4,61.9,1023.2,19.9,45.3,3.1,Cloudy,15.3
8,4,20.8,51.6,1013.2,10.8,48.1,0.5,Cloudy,21.9
3,9,3.1,70.6,1006.7,16.2,73.0,3.0,Rainy,5.8
10,19,22.3,34.6,1020.4,15.5,2.8,0.0,Sunny,22.2
2,5,-3.6,83.0,1004.3,7.7,68.2,0.2,Snowy,-2.8
11,15,10.2,67.7,1020.7,21.1,21.1,7.6,Sunny,11.1
9,23,18.6,63.7,1015.6,4.8,37.6,0.5,Sunny,18.6
10,2,7.0,76.4,1005.8,20.3,74.5,0.0,Rainy,8.7
5,9,22.1,67.9,1019.3,36.5,40.0,3.1,Cloudy,21.4
7,10,39.0,16.2,1019.6,15.8,21.2,6.9,Sunny,41.9
11,10,6.9,83.5,1026.9,30.2,20.5,7.2,Sunny,8.5
11,16,8.9,72.1,1024.6,33.2,40.6,3.8,Cloudy,7.7
2,3,-5.5,100.0,1018.9,21.3,42.4,0.0,Cloudy,-1.9
9,3,17.5,54.4,999.5,30.6,59.8,0.0,Cloudy,18.3
9,16,18.2,68.5,1042.4,44.4,15.0,5.9,Sunny,17.4
4,8,4.1,81.7,996.2,30.4,79.3,1.3,Rainy,6.6
4,18,12.7,59.2,1024.4,18.0,32.6,2.4,Sunny,14.0
6,4,12.4,66.3,1018.2,25.0,24.2,0.1,Sunny,9.7
10,21,8.7,69.5,998.9,15.0,44.8,0.0,Cloudy,8.3
10,23,9.8,75.2,1011.5,21.6,63.3,0.5,Rainy,10.8
10,5,4.2,66.9,1012.1,1.9,74.4,0.0,Cloudy,0.8
6,2,12.4,66.1,1028.7,38.5,7.8,0.6,Sunny,13.1
12,21,-1.4,91.1,1004.4,19.4,94.9,0.5,Snowy,-0.6
1,0,-3.7,90.9,1009.9,5.9,69.0,0.7,Snowy,-5.4
9,19,13.8,77.8,985.0,50.3,76.5,0.0,Stormy,14.8
2,21,1.6,90.3,1033.8,44.4,15.0,0.0,Sunny,2.1
5,15,28.1,42.8,1000.2,23.9,49.5,4.9,Cloudy,26.4
9,22,19.8,57.4,1016.9,22.5,28.3,0.0,Sunny,22.0
4,10,19.9,58.1,1011.8,0.0,22.8,6.3,Sunny,21.9
11,12,19.0,60.5,1011.8,2.8,18.7,8.1,Sunny,19.0
3,9,5.1,59.1,1022.7,34.0,14.1,5.7,Sunny,5.3
7,2,20.4,51.3,1033.1,34.3,8.8,0.0,Sunny,22.2
6,8,22.5,36.5,1016.0,0.7,20.9,4.2,Sunny,22.6
8,11,28.4,55.2,1020.9,15.8,19.3,7.8,Sunny,25.4
3,22,8.1,72.2,1016.9,9.3,47.6,0.0,Cloudy,9.5
5,13,19.4,53.9,1025.2,25.3,35.0,6.5,Sunny,18.5
10,0,3.4,88.9,1007.4,15.7,76.5,0.0,Rainy,3.2
4,17,21.8,56.6,1025.9,28.9,18.4,4.9,Sunny,24.9
4,16,21.3,41.8,1026.3,27.4,23.2,5.0,Sunny,21.5
4,8,10.5,68.5,1026.0,38.5,14.0,4.4,Sunny,11.1
10,8,15.4,58.5,1005.1,24.9,49.5,2.8,Cloudy,16.8
8,22,22.5,33.8,1011.0,18.1,23.7,0.0,Sunny,23.9
6,9,31.7,30.6,1015.9,24.8,0.0,7.5,Sunny,30.5
3,18,8.3,70.7,996.5,28.6,67.9,1.4,Rainy,8.7
10,14,22.1,50.7,1032.1,24.9,0.0,9.0,Sunny,22.7
5,4,24.4,33.6,1012.9,21.8,52.4,0.0,Cloudy,25.4
6,14,32.5,47.7,1016.4,17.2,14.2,7.7,Sunny,33.5
5,19,20.8,52.9,1006.1,21.4,71.2,0.9,Cloudy,25.9
6,22,24.0,49.4,997.1,26.0,59.0,0.0,Cloudy,22.4
8,1,16.9,63.7,1005.8,15.8,63.9,0.0,Cloudy,19.1
7,12,40.7,16.0,1015.6,21.9,0.0,9.6,Sunny,43.4
5,23,15.5,66.3,1021.1,29.6,37.4,0.0,Sunny,16.9
10,15,16.7,56.3,1014.9,20.6,46.2,5.7,Cloudy,16.0
6,14,26.8,35.9,1017.2,23.3,28.8,8.0,Sunny,30.3
4,9,17.9,63.8,1009.0,21.4,62.4,3.0,Cloudy,14.5
12,13,9.1,86.2,1019.0,20.2,45.9,6.3,Cloudy,8.4
9,9,18.6,64.4,1030.8,31.9,11.2,6.1,Sunny,21.2
4,13,20.1,64.1,1021.5,31.8,8.3,8.8,Sunny,19.9
1,22,-11.0,96.3,1022.7,20.7,60.7,1.2,Snowy,-7.7
7,8,26.7,28.9,1016.5,19.2,31.2,4.1,Sunny,24.5
7,13,33.6,49.5,995.0,27.2,85.9,2.9,Cloudy,32.1
4,2,12.8,86.3,1000.5,21.8,83.8,0.8,Rainy,12.4
3,19,3.5,95.2,1018.5,16.7,47.0,0.6,Cloudy,4.7
8,15,24.8,44.4,1012.9,5.7,5.8,7.9,Sunny,24.9
5,1,9.6,59.0,1018.3,24.7,49.0,0.2,Cloudy,9.2
10,9,8.2,62.0,1033.1,25.4,0.0,7.4,Sunny,11.3
7,2,25.3,30.1,1021.7,23.2,2.9,0.0,Sunny,28.6
4,10,21.2,52.1,1028.1,31.2,10.5,8.3,Sunny,20.9
4,10,16.3,76.6,1014.1,0.0,50.9,4.6,Cloudy,13.7
8,20,29.0,40.1,1003.3,20.1,43.1,0.8,Cloudy,25.6
8,20,24.7,51.0,1012.3,14.9,38.8,0.0,Sunny,25.6
2,21,-2.1,100.0,1003.3,27.0,48.3,0.2,Cloudy,-0.4
2,12,3.7,75.3,1031.7,32.8,24.9,7.8,Sunny,4.4
3,6,0.8,100.0,1022.5,28.8,22.3,0.0,Sunny,1.1
12,22,-9.3,100.0,1019.2,18.6,71.6,0.0,Snowy,-10.3
12,16,6.1,74.5,1027.8,29.9,21.6,6.1,Sunny,7.8
3,1,-1.0,80.7,988.8,43.1,60.5,0.0,Snowy,2.6
1,11,5.2,84.1,1020.1,27.9,36.1,5.9,Sunny,1.7
3,9,6.9,71.1,997.3,25.5,64.8,2.7,Rainy,7.3
6,17,27.7,31.9,1012.9,8.2,40.3,2.5,Cloudy,26.5
8,21,19.1,69.2,1009.3,11.1,57.0,0.8,Cloudy,16.9
12,10,3.2,92.4,1020.9,18.9,57.9,4.9,Cloudy,1.6
10,15,20.7,55.4,1015.7,26.7,52.4,4.9,Cloudy,21.9
6,16,24.7,35.3,1029.1,36.0,0.0,6.3,Sunny,26.0
5,18,22.3,39.2,1005.8,11.6,49.6,2.1,Cloudy,25.5
4,17,17.2,60.3,1021.5,17.4,39.7,2.3,Sunny,17.7
3,2,-3.9,85.8,1014.9,17.3,37.8,1.1,Sunny,-6.5
4,20,9.6,67.1,993.4,28.3,98.5,0.0,Cloudy,9.7
7,15,32.7,46.1,1002.0,19.4,27.5,6.2,Sunny,30.7
1,5,-10.8,100.0,1011.2,24.9,86.5,0.0,Snowy,-12.4
7,11,31.6,51.3,1026.3,23.1,0.0,8.8,Sunny,33.2
1,10,-2.6,79.0,1018.6,26.3,55.9,5.4,Cloudy,-1.7
2,14,10.1,66.4,999.0,38.9,95.4,2.3,Cloudy,11.7
4,14,27.4,51.6,1011.3,8.2,35.4,7.2,Sunny,27.2
1,15,0.4,89.0,1037.2,33.9,22.1,6.1,Sunny,2.3
11,9,8.7,87.3,1014.3,11.4,68.3,2.9,Rainy,8.4
12,11,1.2,87.4,1009.1,8.0,62.1,4.8,Snowy,3.7
11,12,14.4,81.9,1018.9,20.0,75.8,3.8,Rainy,15.5
11,3,-5.9,99.2,1022.2,21.3,58.6,0.0,Cloudy,-5.7
9,6,17.9,68.7,1007.5,21.5,51.5,0.5,Cloudy,18.8
12,21,-5.2,89.5,1019.0,30.4,45.5,0.1,Cloudy,-4.7
6,1,17.5,58.9,1009.1,23.3,33.1,0.0,Sunny,20.9
1,14,-0.1,94.3,1021.6,26.3,43.6,5.0,Cloudy,0.8
1,7,-0.3,100.0,1015.0,0.0,61.7,1.5,Snowy,0.2
6,6,17.8,65.6,1018.8,22.5,29.9,1.2,Sunny,17.8
4,14,20.2,53.9,1003.9,36.7,41.5,5.6,Cloudy,22.2
4,22,7.6,87.3,1003.1,0.0,100.0,0.1,Rainy,9.4
11,13,10.3,47.6,1024.3,31.1,0.8,10.4,Sunny,10.3
6,7,23.2,36.0,1012.0,11.9,28.9,1.2,Sunny,21.6
12,11,1.1,90.2,1016.4,9.3,66.9,3.9,Snowy,-0.1
11,12,11.0,68.6,1009.3,22.8,63.0,4.3,Cloudy,11.2
7,10,35.1,38.4,1023.8,38.6,9.8,8.0,Sunny,38.0
9,16,21.1,54.0,1005.7,27.0,45.1,4.8,Cloudy,21.1
10,16,21.9,57.9,1011.4,11.0,49.7,4.0,Cloudy,21.3
5,23,20.7,45.7,1022.4,15.8,21.9,0.0,Sunny,18.1
9,3,9.9,75.8,1027.1,30.0,28.1,0.0,Sunny,13.2
4,20,6.2,85.7,1006.7,26.5,46.0,0.0,Cloudy,7.7
10,7,11.7,79.7,1036.5,37.1,13.5,1.6,Sunny,13.6
2,4,-7.5,100.0,1016.8,14.2,47.2,0.0,Cloudy,-5.3
3,15,18.3,60.0,1000.5,49.6,50.8,5.0,Cloudy,18.5
11,3,-0.7,88.7,1017.4,25.9,56.0,0.2,Cloudy,-0.0
1,21,-6.8,79.9,1008.4,26.7,68.2,0.0,Snowy,-3.6
6,14,25.5,41.4,1018.2,6.6,47.9,5.6,Cloudy,26.4
6,11,32.7,34.0,1012.5,7.0,16.5,8.0,Sunny,34.3
1,4,-9.5,100.0,1013.9,13.7,80.3,0.0,Snowy,-7.4
11,22,2.2,75.6,1002.1,17.1,73.9,0.1,Rainy,3.8
3,15,14.6,71.0,1024.9,39.1,51.3,4.4,Cloudy,14.9
5,13,22.9,50.7,999.1,39.9,64.9,3.9,Cloudy,23.3
3,9,6.4,73.7,999.7,23.7,56.4,3.7,Cloudy,8.3
10,6,8.9,74.1,1017.4,31.6,19.4,0.0,Sunny,10.8
3,12,12.9,61.7,1032.2,35.0,19.0,8.5,Sunny,15.5
10,19,15.9,56.8,1008.8,37.8,38.2,0.4,Sunny,17.4
3,4,-1.1,69.6,1021.4,23.3,21.4,0.0,Sunny,0.5
5,2,13.3,62.6,1025.9,32.1,5.5,0.0,Sunny,13.0
5,14,23.5,44.9,1022.8,34.9,19.2,6.9,Sunny,23.0
4,3,0.3,79.4,1009.3,26.7,83.8,0.8,Snowy,2.2
1,14,5.0,81.6,999.9,31.8,70.6,3.2,Rainy,4.5
5,13,32.4,43.0,986.5,42.7,78.7,3.2,Cloudy,32.8
10,19,10.0,72.3,1009.8,19.9,53.8,0.7,Cloudy,13.0
5,18,18.9,66.6,1027.1,22.4,6.1,2.2,Sunny,21.6
4,12,13.7,70.2,999.5,29.4,80.4,2.7,Rainy,14.8
6,9,28.6,39.2,1021.4,13.2,0.0,7.0,Sunny,28.5
10,20,13.8,59.7,1001.6,11.4,59.2,0.3,Cloudy,14.1
4,4,6.2,78.9,1014.3,13.9,48.2,0.0,Cloudy,8.2
7,22,19.3,61.7,1021.5,32.3,43.9,0.0,Cloudy,19.8
7,19,27.9,57.1,1005.1,28.9,36.0,0.0,Sunny,27.4
2,19,-4.8,100.0,1015.0,13.8,72.8,0.0,Snowy,-2.1
3,5,1.3,77.6,1008.0,32.0,49.2,0.0,Cloudy,2.2
1,3,-4.3,90.4,1021.5,17.6,43.0,0.0,Cloudy,-4.8
8,1,13.3,71.7,1015.8,0.0,0.0,0.9,Sunny,14.7
9,21,11.3,78.7,1013.7,0.0,85.5,0.0,Rainy,13.6
4,15,24.1,58.2,1031.7,25.0,21.0,6.5,Sunny,22.8
6,17,25.9,45.5,1020.9,28.1,8.4,3.7,Sunny,26.1
9,4,18.3,44.9,1004.7,16.9,27.0,0.3,Sunny,18.4
6,21,22.0,42.1,1012.0,16.9,23.6,0.6,Sunny,23.3
